passenger_key,first_name,last_name,age,gender,email,phone,aadhaar_id,date_of_birth
P1000,Vivaan,Chatterjee,52,F,86ebf4745fa93e45ba826eff0d227a18f8c65329d6a9ac88008d402bb58eaedd,MASKED-3790,XXXXXXXX6001,1974-04-08
P1001,Krishna,Reddy,15,M,17744128240944e417f265a838038b2ee3f6573e74d15d7e6e6f06b760e8052d,MASKED-2297,XXXXXXXX2654,2011-03-07
P1002,Myra,Naidu,72,M,884533acfd5cfbe6787f3d61f07ed253a19430b8d412be406df81e6264f34501,MASKED-5092,XXXXXXXX8161,1954-09-10
P1003,Myra,Mishra,61,F,844b61f750119ea14552675bc6a98c16274d32fa6d9f4949607d8190fd7b2836,MASKED-7151,XXXXXXXX6475,1965-03-12
P1004,Saanvi,Banerjee,21,M,3d941c6227ef310fc68146f452ce49dd5c5539e326eacb7c4bccf13675fcd814,MASKED-5113,XXXXXXXX6483,2005-11-11
P1005,Reyansh,Joshi,83,M,91a28ca5ed6e942eb7e54140d14c361e5edaaa6f305fb15a89c8b3ae0a7255a1,MASKED-3818,XXXXXXXX3767,1943-03-09
P1006,Kavya,Nair,87,M,8ee9bc9a46aa45d48fa2d2801f45288618e698f7fecdc03caed5310a1747c1af,MASKED-5830,XXXXXXXX3287,1939-02-25
P1007,Sara,Joshi,75,M,101ada030e5a677fcdbfa4a3a8e4b9cdd1e177ece26da937f90efe3628286a6b,MASKED-2119,XXXXXXXX8480,1951-11-24
P1008,Kavya,Pillai,75,M,e7346ba97e67eeac9bbe73e2cdd097591afa51f1349139553399e873bc2e1467,MASKED-6600,XXXXXXXX8281,1951-11-10
P1009,Sai,Kulkarni,88,M,b8cd0291778e0186c7d139b8f964eb7836e3490750a8d59fa3a76d94232cde42,MASKED-9919,XXXXXXXX0154,1938-04-02
P1010,Sai,Agarwal,24,M,10f1681e7e0d98aae31b49e41824ae2ae8509a661d5c27c2f0f7aad47dedfaef,MASKED-9690,XXXXXXXX4896,2002-04-18
P1011,Sara,Naidu,3,M,1221ed9d81540f2b9d885bf41febf2776e39ae3ef2ac673c0a0be31bc30e1a49,MASKED-4718,XXXXXXXX5098,2023-04-19
P1012,Arjun,Patel,22,M,6f59b96974cf7af07fac1698a5c8218c43b24dd533ae15e1eaf1dad837cb36f0,MASKED-8245,XXXXXXXX4738,2004-03-24
P1013,Sara,Iyer,53,M,278d6fdec8ac4cd6f838ef8eb2ca552e4d4b3f3427d8f01fa41a3eb1694e4926,MASKED-6298,XXXXXXXX6701,1973-01-13
P1014,Anika,Banerjee,2,F,42c56f5aac6eaaebb5c3a95cb82ec6b77703e8f79c302c47f4fc59c4d8cbcfe5,MASKED-2705,XXXXXXXX7317,2024-09-04
P1015,Aadhya,Verma,88,F,9b4fc6db9b06c6074f9091ee0436a8cef92fdc5fa9c628b2c00be5c4f12002e4,MASKED-0141,XXXXXXXX2606,1938-05-26
P1016,Vivaan,Naidu,30,M,0d5594d60bddeb1af8e5545806366be097417dd8f45702f94e51971ac72edd3d,MASKED-0826,XXXXXXXX8050,1996-01-19
P1017,Reyansh,Chatterjee,38,F,50890e10e1d0e4e9ef0951e4605206693d0db359b50c3509949d87276c982319,MASKED-3976,XXXXXXXX1939,1988-10-02
P1018,Ira,Ghosh,2,F,6967c717bc43783fc9c2deb3d291651ab09ebfb8f6d4d75b6a92e7fa33c6c84b,MASKED-9320,XXXXXXXX4624,2024-08-11
P1019,Diya,Patel,64,M,7ba77c2a9053887984c8dee91d191825d6e0faa018333f4232239ebd03beb36c,MASKED-0329,XXXXXXXX2513,1962-06-10
P1020,Ananya,Khan,60,M,afb2e1c4e47df389521eaf7f2b37e60f1110348bd646185b87f3420a3543a30a,MASKED-6828,XXXXXXXX2411,1966-12-18
P1021,Kavya,Naidu,21,M,2139c3d2042ee97e124ab8b30c12b704c2eacf6dc041e8ecd8fc74b3b2d55ae8,MASKED-3494,XXXXXXXX0164,2005-01-01
P1022,Shaurya,Joshi,33,F,7069b1f1c50b7c52e9a8cbc23f2af7622c94a986ec43bdace092d5f58e654022,MASKED-5277,XXXXXXXX1280,1993-06-19
P1023,Aditya,Patel,76,F,9b347392762f768c1a360f6485dbcc29f7463aaac87b4dbf29967dbead1cbf27,MASKED-9973,XXXXXXXX1586,1950-10-24
P1024,Vivaan,Sharma,58,M,ac2da0cfcc262d9f4095c7bb0598cf9ea4d4bcfaec716aeedd0e075b1e744fec,MASKED-4941,XXXXXXXX2160,1968-08-08
P1025,Aarav,Chatterjee,22,M,2b2aa90b695c9c45add839e7822d45bb29e45d8d1b01d5dd8d886e4f5b497b1c,MASKED-2872,XXXXXXXX1458,2004-07-22
P1026,Ira,Ghosh,89,M,140370234cbff79b9645c28c8442b071216c68b0e818b0f922985e2499688363,MASKED-5852,XXXXXXXX6556,1937-10-17
P1027,Reyansh,Banerjee,49,F,e7f25246b0df864c5d339b090142198ff40f662e0f5eeb8764781d03aa17cb95,MASKED-6699,XXXXXXXX5615,1977-10-11
P1028,Aadhya,Mishra,59,F,70e00862c767947b84d2c29fd94425805a7f80249d4eade17d0a70e52d1261ac,MASKED-8647,XXXXXXXX6629,1967-10-10
P1029,Diya,Ghosh,42,F,ae0bfed09d05747826f866903fa8b9784cc2f8e2ceeb8682f7cf4037fc8cfa6c,MASKED-3245,XXXXXXXX7387,1984-12-06
P1030,Aditya,Kulkarni,60,F,4562669bc08a1c3a6fcae61038080caa42b0bcdc1ab57aafd3311401d6335db8,MASKED-2378,XXXXXXXX0037,1966-10-28
P1031,Shaurya,Patel,80,M,04db5a9ca499f3e1212170b2d5d76b55f0559bd128dec35dc1748d3fe73ffe88,MASKED-2643,XXXXXXXX1632,1946-12-17
P1032,Kavya,Gupta,15,M,6647c7526eadc4b5cfe695bd5144bfbf534f9fde12b3cc481390dfaa142f75c5,MASKED-9918,XXXXXXXX5798,2011-07-27
P1033,Aadhya,Kulkarni,62,M,3774ecabdc6cc093653c512a80ad4d854d9187584f42e83f4b681cc2514f333d,MASKED-4498,XXXXXXXX4714,1964-04-09
P1034,Ishaan, Iyer,62,M,500e0cb7a42bb0eaa111559682e1a79710402c06210971dab4e1ca3b88b188cc,MASKED-4033,XXXXXXXX6658,1964-08-14
P1035,Vivaan,Ghosh,47,F,3b1c2f4f2689fc65d41a857a29aaf9d3dabd63974ca1c7ce697b82e600480d99,MASKED-2414,XXXXXXXX2729,1979-09-01
P1036,Riya,Reddy,62,F,01389149240f4f728a88213b0158e9acc69602f2156b9ea31932cb0acd3a1684,MASKED-7896,XXXXXXXX3755,1964-07-09
P1037,Muhammad,Ghosh,51,M,6ce6d3a359fc7fd93e88154e66fc8e430be4c5541e40ba0cb1d6ddbb837a3300,MASKED-8772,XXXXXXXX0033,1975-01-20
P1038,Ira,Patel,55,M,eeaea724b95db4b8ec750784274c6d52203e6d141db1568285f0e275118a197c,MASKED-8741,XXXXXXXX9912,1971-05-04
P1039,Shaurya,Agarwal,64,F,49d1d02cdce479b1516dd3a898e66293f871aeb78c6703e07f0900a460f03df0,MASKED-1542,XXXXXXXX4919,1962-01-12
P1040,Muhammad,Joshi,3,M,a31aeee6cfdfe3746b72997e61242928778c6fc6b665d2de2d491ee368f21380,MASKED-3128,XXXXXXXX6572,2023-07-06
P1041,Shaurya,Gupta,51,F,44ab92ea8132561ad2cc245a386677a0a8e6a5f9a8945cacaa4e9d99eadcce86,MASKED-0848,XXXXXXXX1473,1975-08-19
P1042,Arjun,Kulkarni,7,M,a1c36397db79a4089acbb21c758eafc7372404ad2d3617b5502271dd674e3f7b,MASKED-3124,XXXXXXXX5494,2019-09-01
P1043,Arjun,Reddy,21,M,9e23f5c13a925526a7cd217bc167234ef6098d027200415de24727c7a2bc75de,MASKED-6217,XXXXXXXX0143,2005-07-23
P1044,Sai,Iyer,73,M,aedc8851db10385b1926f5265b9f98bbfde59684596c90ec8138fc5c26df4ebe,MASKED-1644,XXXXXXXX5574,1953-05-09
P1045,Kavya,Reddy,39,M,e2c37ad620665aed16ac06af37cdb664638d6ec07d792df8f84953777f42e500,MASKED-3159,XXXXXXXX4989,1987-05-04
P1046,Saanvi,Sharma,18,M,5716da2be655ea2c2d3df10924aebe0a97947b290162268ce4657e6d43cc470d,MASKED-8191,XXXXXXXX0842,2008-11-28
P1047,Ishaan,Chatterjee,4,M,c48110ec26f7d1aa0891fb2359b446a323f6e8a701daeaad29dbfc79666bf27d,MASKED-9872,XXXXXXXX4711,2022-07-16
P1048,Sai,Mishra,89,M,da1c8683f66965869e96a479d41784ab47be8362f9177d089154f62017129a1c,MASKED-5636,XXXXXXXX9993,1937-09-13
P1049,Aadhya,Joshi,60,F,2be5696e5cbe3f124fc42dafd6ead6e00cddac8b2cd52cdeed247cdbcb4f7ae1,MASKED-0490,XXXXXXXX3341,1966-03-08
P1050,Aarav,Das,14,F,bdd4e604fb02c9b5017a5da62098f3fa0a7f7e30b8d0fe928e8b66cf015af255,MASKED-5622,XXXXXXXX4471,2012-11-08
P1051,Aadhya,Chatterjee,9,F,efae2ff6fb08c335af737a47b2d45e0f5f0ac22de108d05139d6d69550fce2e1,MASKED-9494,XXXXXXXX2499,2017-05-15
P1052,Sai,Khan,53,F,e7b8d27cec313c76cec23dbf09024847e2d65341ab41d933730072e1bb360939,MASKED-2365,XXXXXXXX9065,1973-10-09
P1053,Myra,Banerjee,2,F,ae22ea97ac334712d057105362e79f3d935667cdbbf8a9e65208594e7b92cab3,MASKED-5719,XXXXXXXX8742,2024-10-14
P1054,Muhammad,Patel,84,M,90561819fc9a494ce7506b2111d80b916eb7b8f4118d2d8a3cb96d5bf32db298,MASKED-9821,XXXXXXXX7468,1942-01-15
P1055,Ishaan,Chatterjee,60,M,33f1025646c191c5f261dfbca11ef35e190bdd43721770aae53c4e35298769f1,MASKED-1200,XXXXXXXX0385,1966-10-25
P1056,Saanvi,Das,71,F,e4004fcda79f263a516b392d400e74ccb0c3de81f0e1e23248657d640f6b14c5,MASKED-3628,XXXXXXXX1093,1955-12-06
P1057,Ishaan,Gupta,44,M,213ef0c703dd6afe256a5fe5eb783135fdccc5ec0174cd4d6d0e94bdfd23888f,MASKED-5437,XXXXXXXX4846,1982-08-16
P1058,Diya,Mehta,8,F,302010b6422a660101bb30b1fd74214b2b1e844e6568010f9aa1ad25f38dbd7c,MASKED-6368,XXXXXXXX6584,2018-01-10
P1059,Ishaan,Banerjee,47,F,9b5efe6e785990e0e921ee60e03ec0daa533fdaccc801899af40b5cc3afda5a0,MASKED-3112,XXXXXXXX7533,1979-10-13
P1060,Riya,Singh,35,M,c7e8a453ccd53e815fc6b6eaeb3de6f6775824c545a307673a89134d398c0afc,MASKED-5930,XXXXXXXX8951,1991-08-04
P1061,Sai,Ghosh,78,M,4f001d07251cd4ee657fbd5d577ea51487bc7526a2ef6e054b45dc2792991ded,MASKED-9358,XXXXXXXX6158,1948-07-11
P1062,Aarav,Singh,81,M,31980a648af3a75bb4f95139c75554ab432d02a4aaf15e356a71a3c50d6a0af2,MASKED-2051,XXXXXXXX7240,1945-01-11
P1063,Shaurya,Mishra,36,F,e1d6e213de10979fc38cfd202c27988faad35f52a77824860832c3a014bc8f63,MASKED-7084,XXXXXXXX2219,1990-07-20
P1064,Kavya,Kulkarni,50,M,fe81591bc9aebbafbb79b0ee68a92a1fa67fb14e491a680b769279835feab268,MASKED-0204,XXXXXXXX4821,1976-08-12
P1065,Ishaan,Kulkarni,4,F,4bd72edad7634dabd7246fedec40c909f8b79f5dad4d046c927fe348d6095770,MASKED-5206,XXXXXXXX3695,2022-10-10
P1066,Riya,Singh,2,F,b4ca7f740b8924777a5ab0e732ec2f8a6397e975b3274ac27c6d883bacfda8b6,MASKED-6046,XXXXXXXX3953,2024-11-07
P1067,Reyansh,Pillai,6,F,cd0ded115cb4f8ba8ee884f35151e5887b30924e9b846295c5f02348369081b7,MASKED-4047,XXXXXXXX2145,2020-12-14
P1068,Sai,Banerjee,54,M,a47bc48fd316d977236bd4d285c6d3e2ea856efd77d76329663f7411c84d357a,MASKED-5500,XXXXXXXX4517,1972-02-05
P1069,Krishna,Nair,4,M,448440d2d7c32c37e62265bcbdbf67d5030f5990da30d7d8618ca473c1f9f3b9,MASKED-9401,XXXXXXXX7549,2022-07-27
P1070,Ira,Sharma,54,F,870996ccf14255a327837ac83423f6c62cd0e8c3d1943497126c3f5c87e65559,MASKED-0232,XXXXXXXX1746,1972-02-05
P1071,Saanvi,Ghosh,63,M,2c0cc34e8660920b6e25c0c5fe83a6749136c4e7b8d12774a3b8a480b2958d9d,MASKED-8977,XXXXXXXX5869,1963-12-24
P1072,Krishna,Banerjee,18,M,d2a1469137a5499c04fd5475e84b50d840b5125a2afc5731589775344b44a41c,MASKED-7037,XXXXXXXX7735,2008-02-22
P1073,Ananya,Pillai,44,M,42e76e47fee1b7e7f376386c8b9b742b53a0590fa4b2ae55a1e3ea801df87f23,MASKED-5165,XXXXXXXX0053,1982-03-26
P1074,Riya,Patel,34,F,adcab2bb3367c0443207989217dfd2871542c26e4308ab275c993b9c55a88a91,MASKED-9588,XXXXXXXX0422,1992-09-09
P1075,Krishna,Khan,74,F,7e729192b9b29f60f52459ca774822c08ea5caca2097450a972b0eda43124be4,MASKED-5235,XXXXXXXX2402,1952-12-14
P1076,Kavya,Joshi,62,M,7d6d22ee4842b0943bd0ff45ed43ea3acef0b5e3a9a1f2bfb023c43bb3664a49,MASKED-1998,XXXXXXXX8390,1964-12-26
P1077,Myra,Singh,14,F,a144a264e509ef0cc6bb4e5bd7334bf726d9bc6cdbbaa1d73d9c33c8b8acb26e,MASKED-9409,XXXXXXXX1159,2012-03-03
P1078,Reyansh,Reddy,48,M,80e62b5cf2d5a2fc0af20c5fbdde1628fe84a18176835e7fd1d86beaf47046a4,MASKED-5806,XXXXXXXX8961,1978-12-04
P1079,Diya,Mishra,15,M,1652edb2a206dd808e9b57c9abab31de50edc5e620541d348c7ce609a4a7d499,MASKED-4080,XXXXXXXX5654,2011-06-05
P1080,Shaurya,Chatterjee,72,M,488af8cc65706ea68a803d0fbdf039cca30860906d336da93a0f051372b31515,MASKED-1867,XXXXXXXX9885,1954-11-04
P1081,Kavya,Ghosh,78,M,59d8a47e88147d8cdf7cb55282321a3294da82bedb228c956b8bd5a3cd9851ff,MASKED-3943,XXXXXXXX8327,1948-04-28
P1082,Sai,Joshi,87,F,8acd0a8b21d71c3126ebffcc9b2dbfea0d2f7326832f18c4633d5e624c1ef5af,MASKED-5504,XXXXXXXX9809,1939-11-27
P1083,Arjun,Banerjee,62,F,b3e22f8bf5bc2a8ae1865f8918b7dd0a46ab341e3d745a8c9fdbf1433d1e3d34,MASKED-0285,XXXXXXXX6120,1964-02-24
P1084,Aditya,Patel,40,F,1432d1ec6086cf02f20ec3fb1d57a963ebb4f1c635c7cb5c6104e45063fe53df,MASKED-5666,XXXXXXXX9102,1986-03-25
P1085,Diya,Naidu,85,M,c6979849f9f87c392c60406ecc7baefbc493972ae84278add3dd861a7dc45109,MASKED-8399,XXXXXXXX4381,1941-06-14
P1086,Vivaan,Chatterjee,80,M,f3b5069dac575114f54bd931279838c21cae4cc57ebd27a1a44a062dee5271a3,MASKED-0915,XXXXXXXX0034,1946-04-25
P1087,Vivaan,Sharma,82,M,a49dd3460ff24e13c5e018f6c5a89e83b90231fb423c6361dc9f3a6e0350d1bc,MASKED-1488,XXXXXXXX8388,1944-11-26
P1088,Ira,Chatterjee,53,F,648b3abde06f08e36e509f37b1b66cdb5a489931b49408743589a615f2a9879c,MASKED-1920,XXXXXXXX9664,1973-02-13
P1089,Ishaan,Mishra,24,M,1205b871c806a795ab81a035a1927cf660d6096250cc931454ad06d58d82ce39,MASKED-7422,XXXXXXXX9681,2002-07-28
P1090,Vivaan,Reddy,26,F,1f946134a963faf7ac064789ed7b5ea57a393e856251cfb875ebd2377132ab27,MASKED-1187,XXXXXXXX5523,2000-02-05
P1091,Ira,Sharma,89,F,9a58cf716c93bdaef6afc2e50ad4c0df84affed8a925b6ea97241e314546f63e,MASKED-3158,XXXXXXXX7995,1937-11-11
P1092,Reyansh,Verma,60,F,bcf68293e4e4f721c44eebb650511dc3805ec71593cbc7bf7a866915ff523591,MASKED-1814,XXXXXXXX1477,1966-01-02
P1093,Anika,Pillai,41,F,3c98e47901c6cc0a0175792d85abad1e195e035346957ad2a900dd50773c6555,MASKED-9284,XXXXXXXX0793,1985-06-20
P1094,Kavya,Agarwal,29,F,ee25c9e416e36515bb242b242c201c4c53ef71194ad475932e07d4a39cc9f6cd,MASKED-6383,XXXXXXXX7788,1997-10-06
P1095,Anika,Verma,15,F,cf42487763e0da8e043043095b2725ed65fe253ae9b208f0f90a90a9dc578036,MASKED-4671,XXXXXXXX1864,2011-05-24
P1096,Myra,Agarwal,45,M,c562567886528a6dbeae26a9533fc9268cdc1e8191c665e15b13a84c8971bfec,MASKED-4766,XXXXXXXX1486,1981-11-26
P1097,Shaurya,Mehta,65,M,0ba9bede70e4ce05fa793819ed12fd757ea669dc802a690ab83dc89d9d6b1db4,MASKED-2005,XXXXXXXX2357,1961-04-08
P1098,Reyansh,Chatterjee,89,F,f6ad79df8d09deea5b335553b30f50018bd327fd7013dc5c6c4c5c13b450bfa6,MASKED-5381,XXXXXXXX2962,1937-03-06
P1099,Vivaan,Agarwal,71,F,b58462b7526ec1c2aadb4d9dc01928b9c1e9b79b51b743522d011cf4dfa9eda4,MASKED-4348,XXXXXXXX7383,1955-05-26
P1100,Muhammad,Joshi,9,M,07e2c002cb8f76b7e74264184eb81657266411fdd3aa454ca4502a58b2eedab6,MASKED-6219,XXXXXXXX2392,2017-05-02
P1101,Shaurya,Agarwal,88,F,c091164a808955f435a418e279c409ed62ffd3adf418b7f824a5a3cd7cdbf30d,MASKED-3590,XXXXXXXX8261,1938-04-27
P1102,Myra,Kulkarni,1,F,0381da06b9ae968a29f5e71f3b99579c241bf8debeccf05dca89ae7652c4cf5c,MASKED-6900,XXXXXXXX5305,2025-02-27
P1103,Ishaan,Banerjee,8,M,cf46a8247e37e3c87746946e2a53ee4771bf6fdc7812a0cdf14adc77d6633770,MASKED-5981,XXXXXXXX7117,2018-10-18
P1104,Vivaan, Verma,88,F,98c59c28c61c9b01f9038ca97e249f0f3afa5811ef614cab1988e3fc364598af,MASKED-1100,XXXXXXXX6218,1938-06-03
P1105,Muhammad,Singh,63,F,2cfcb9b64da3ab56f84872db2a1bad4095d16f20bbb236e0dea0132a8e926aa0,MASKED-8427,XXXXXXXX4505,1963-05-04
P1106,Sara,Nair,11,F,6a75aa5cd7957512d213ab60e5387e14fd0ec1e3aaaa9a7863ce4a5aeacdbe2d,MASKED-0110,XXXXXXXX4161,2015-07-20
P1107,Anika,Joshi,81,M,1ff9214d59dd029869f31b5ac69bd13c82fab540d93afaf784fc7794e0a581ac,MASKED-8148,XXXXXXXX2757,1945-01-24
P1108,Ishaan,Kulkarni,8,M,b547fe9b5f813dd82d9e6e0e3f5e83dfe09f2a6e53292a86afdbb5eeb9fcd831,MASKED-1573,XXXXXXXX9702,2018-02-08
P1109,Vivaan,Chatterjee,35,M,ccde312c818b8ab251efddcffabf6c3cfdfe52d87da63e3b06ef416b1df6cd50,MASKED-8471,XXXXXXXX4473,1991-10-10
P1110,Ira,Khan,35,F,4084a221e4574c120b214d382f7b9eaa0d4e514c5d2c097b25fcd999a24c96b1,MASKED-0929,XXXXXXXX1884,1991-05-28
P1111,Krishna,Sharma,33,F,e6dcb1e14cd5c402c10ffd6c0f2b92b53f1f5248c2cc9d9b902f5680e83859c1,MASKED-5000,XXXXXXXX0589,1993-06-15
P1112,Sara,Mishra,5,M,8c22523fc0450be1c4a6cee7b8c9f0bad34b9a93d47379892bc8292cc99c9e17,MASKED-4545,XXXXXXXX9125,2021-11-03
P1113,Anika,Pillai,41,F,1b7944c23fd1be341c0943d244290836eba779f039d072929d8f384ca0e508b1,MASKED-1466,XXXXXXXX8018,1985-03-10
P1114,Anika,Sharma,28,F,009af3463433996ca42c961defb932e9f56a358e6f6a7924a5b0dceb5cf435ac,MASKED-4337,XXXXXXXX4249,1998-09-03
P1115,Sara,Singh,7,F,12eec91e440857099766fa6da38be69bb6a1664220dda6e860f2fe003481b17e,MASKED-9477,XXXXXXXX0109,2019-05-21
P1116,Vivaan,Ghosh,73,F,47ecc0464a8763b97b543dba90ecf4a153ec44a9c605df7c841b54ffb21abdd4,MASKED-8866,XXXXXXXX4710,1953-03-15
P1117,Aarav,Pillai,72,F,d4f6578e85299eca5d0de1f08cf3eb3b5aeac6612f05c4705f1f0fecca6fba6c,MASKED-0974,XXXXXXXX2588,1954-02-11
P1118,Vivaan,Reddy,12,M,8ec1cc774f5efa3b0cfdf051588b7c27efe0d8f235f9dd0c4f184582929bd87c,MASKED-6899,XXXXXXXX9632,2014-06-19
P1119,Aditya,Joshi,34,F,a45ce663eae58d987d30426dc67f6e81e161cd47ca344466725d03e7da987f57,MASKED-5339,XXXXXXXX1687,1992-04-07
P1120,Aarav,Ghosh,33,M,368a2c2dfdbe25523a8669f2e578bc808f24e01673e887052c98f8b1db23406b,MASKED-6275,XXXXXXXX1624,1993-12-12
P1121,Riya,Gupta,48,F,2b7ed5ff8b97d77c2ef0d03c37e744eb0d27f98b80d98f411611d62b50550763,MASKED-8655,XXXXXXXX1687,1978-09-09
P1122,Ananya,Verma,23,M,311e065ed3b45c25e6f218a37a55667df5b76d2a0885e5e0e3a3cad27acc631c,MASKED-1258,XXXXXXXX9868,2003-01-02
P1123,Sara,Khan,62,F,5fa52790e022e59ee0f893c7487165f95c6faffb4ba158feb71bb5481e2e2a52,MASKED-3410,XXXXXXXX5952,1964-07-20
P1124,Myra,Verma,88,M,7b5eedbb120e7c2c09ccea89d94bb349b7e638be1c2579240fc53107bc62d9ce,MASKED-5317,XXXXXXXX5169,1938-05-26
P1125,Reyansh,Reddy,37,F,04af70a366812c5d12ec7c03f2213fa886b7162d8607bac17c06a943839830af,MASKED-1130,XXXXXXXX9623,1989-01-19
P1126,Ira,Gupta,44,M,3853011aa1b475c640e29463d8e90a90027e21d46d3569f16ed08e219949c691,MASKED-3847,XXXXXXXX9702,1982-09-07
P1127,Myra,Singh,86,F,817446129a147a407b907be334ed4517e6c59493c1873f9b1f314f2cac5d996e,MASKED-0614,XXXXXXXX8549,1940-08-07
P1128,Diya,Patel,35,M,e1f64ba9a81f353ee07ff469db56406d19d9b3e5653059c4479aadd9903c720f,MASKED-0979,XXXXXXXX5844,1991-02-19
P1129,Vivaan,Joshi,65,F,cca735022d1b12d5560736c852f7951a599c5a762d53f1bf82a21e327839738d,MASKED-5992,XXXXXXXX4733,1961-09-09
P1130,Shaurya,Sharma,47,M,3be66d2c296ea391f42feb8ea493beb1be749fae09fdbffb2a0b11f6a50a9cfb,MASKED-5716,XXXXXXXX3016,1979-06-23
P1131,Shaurya,Banerjee,78,M,10c74edd7a2ab394a453339a82d0f54d8d9a5a4887fa2f8f1131b40c0f52f9b1,MASKED-4323,XXXXXXXX4540,1948-02-21
P1132,Ishaan,Banerjee,3,F,d0545e3c94225d109a048455b27cba4029780a52c869d08e8034c2629a8ecb54,MASKED-5376,XXXXXXXX4004,2023-10-20
P1133,Sai,Banerjee,1,F,1ffbaa7c0ac6e381cc66114dd87ff8c6d86dc3d562f19a6c4dd6f4a33ea3fe00,MASKED-5745,XXXXXXXX3152,2025-12-15
P1134,Ira,Verma,5,M,5e19f50f36c280f11ea97fc5e9fd18345a629d7a54ca64dc33b3989ae9fd2ff4,MASKED-2787,XXXXXXXX8516,2021-11-04
P1135,Shaurya,Banerjee,14,F,c8a38d1653130609137dd93f3a809d9107db90f33dca5d41b195f1b27acbaddb,MASKED-2437,XXXXXXXX5499,2012-01-09
P1136,Aadhya,Verma,27,M,f105766e1e3b429d32f601587b1651bc38fcf8d815c272636f02535dddecefa7,MASKED-5490,XXXXXXXX4593,1999-04-05
P1137,Aditya,Iyer,9,M,52d228063d20b852989754b2e4b37114010b8a02b736c46dc2778d42d6026edd,MASKED-9624,XXXXXXXX9187,2017-09-23
P1138,Saanvi,Mehta,79,M,cc905c4efdd4fb43bc3fe95a602e312275a6a6088a0892cb4a4016a03fdd5912,MASKED-1555,XXXXXXXX2587,1947-02-22
P1139,Aarav,Agarwal,15,F,4784616712973d976254a0474f1ba1bae6e3bd4a36d72f86d96e9748f5addc7e,MASKED-7841,XXXXXXXX9087,2011-11-26
P1140,Shaurya,Singh,42,M,e132d289209c64fa74a157d536c6b104446cd8553d6b78dab5cf6d862c75ffdf,MASKED-6690,XXXXXXXX1801,1984-08-02
P1141,Sai,Kulkarni,77,M,7ec3ad6314ebaff284a3354e2695ba6ae629d18cd641eb26daead721202de99f,MASKED-1720,XXXXXXXX6337,1949-06-05
P1142,Saanvi,Naidu,51,F,0b5e4f95f20cbbeb4279ae6cd5f4e6ec85b497c6c74bf67859bcac778e710a45,MASKED-9930,XXXXXXXX8439,1975-06-19
P1143,Arjun,Nair,63,F,3f62a64974194e27830dabfd9f115475a526104a341f823069269fb1fe5bbf4f,MASKED-3770,XXXXXXXX8926,1963-09-16
P1144,Aadhya,Mehta,52,F,c8e6a371b0aa075f8222f3d41e7dc4fce4f71502bd42cab119dd636e73b5472d,MASKED-5362,XXXXXXXX2873,1974-04-10
P1145,Ananya,Pillai,4,F,e628b47fd378c7d8387c8242270037a454e1e1ac0fcd668b4cd1988ab2a5f5f1,MASKED-3231,XXXXXXXX4351,2022-08-28
P1146,Krishna,Khan,23,M,c227bb173e36d27cf7b65cd906dc7a2f69b284ffd748520a8f2640f97df832fa,MASKED-4276,XXXXXXXX3983,2003-08-07
P1147,Reyansh,Pillai,15,M,b4f062ef201ac18542f167775c43b6650e46008a8c46a73e6e250f1ad4081cd5,MASKED-4447,XXXXXXXX3854,2011-07-15
P1148,Muhammad,Chatterjee,43,M,3754e74a68898bb36221354b07a1afb6760951996f62da376ca24eab082c17d7,MASKED-5907,XXXXXXXX3556,1983-01-19
P1149,Ishaan,Nair,29,M,a6678a9f5088be9f2b7f839e5ca043367fe3fb94d8877743547c67a11aeb43e1,MASKED-5986,XXXXXXXX5369,1997-04-16
P1150,Anika,Agarwal,36,F,8e0b1bc3c296df73c9649a2ac335a74db3f4233b42b71615c2de2e1a9cbefb97,MASKED-2498,XXXXXXXX7280,1990-09-02
P1151,Krishna,Sharma,13,M,876192aa78f7d2876f735b3f3e40325bb7b8bc96abd96ced5bb12b928cc5bfa8,MASKED-2588,XXXXXXXX8750,2013-10-21
P1152,Diya,Joshi,32,M,1e02bdd1e8d834eb5b042518a074e0119e5f27438f351b7ed71b91ddb239b8e5,MASKED-1168,XXXXXXXX8484,1994-01-17
P1153,Ira,Kulkarni,71,F,59495c639d0422c5c4d535de86a421a50669ba03f467b77545c0c7f7244d8d7c,MASKED-8010,XXXXXXXX5461,1955-06-13
P1154,Myra,Chatterjee,59,M,8ef53a048e5a83e4154a517a3c919de36e9ba884071a3703ffca9558d7b9d605,MASKED-1792,XXXXXXXX8700,1967-12-06
P1155,Diya,Naidu,86,M,9901b4dc54edddd1512a79de4e4cd1b1d3109f58fec4c6101545f5e13fe8afb0,MASKED-6941,XXXXXXXX7401,1940-11-09
P1156,Reyansh,Mehta,28,M,338704418176682799787683083f5b16d846043114000b2937fa4d92ec1ac890,MASKED-0427,XXXXXXXX2939,1998-07-22
P1157,Arjun,Agarwal,66,M,c0cdb7d10659f39ced7740533113f8e0a5e61e998b1e36f44fe96516be8ed52c,MASKED-1733,XXXXXXXX1599,1960-10-13
P1158,Muhammad,Joshi,42,M,c7178e85306368baec4b206d7a55a736b58ec528cb6fdf8be1ec6b20281bf9a2,MASKED-4334,XXXXXXXX2961,1984-10-10
P1159,Arjun,Banerjee,45,M,5fecffe3423991297d1e80e55acd3be3feab7e39ff727a7935da0dd3691475fc,MASKED-7644,XXXXXXXX1047,1981-06-25
P1160,Ananya,Joshi,62,F,a65b1b626478d3784549bbcb05a3701132ff4ca6672c4c402dd2ac2eb8ba5671,MASKED-8314,XXXXXXXX1015,1964-09-03
P1161,Krishna,Agarwal,57,F,55b4a078c78c7ad82a6ecdca9b3d01bfc7ec28f693efd9b0b815f72ce1d84f9c,MASKED-6070,XXXXXXXX8262,1969-03-09
P1162,Reyansh,Reddy,6,M,40666f08d9480b30947d23c95ae610f25ef47ea845a4a6f7bc7f3f2d425a3473,MASKED-7801,XXXXXXXX1543,2020-12-21
P1163,Anika,Naidu,28,M,692c6955e8ce58ea760151130506c9987d9b132451cff14109a1980f336b7d1f,MASKED-5191,XXXXXXXX5756,1998-11-20
P1164,Sara,Kulkarni,28,F,c5c8dc53834b0a1ee1e7e42dceaac9b1f3e8eb42c632bc31845e16ff596e65a8,MASKED-1586,XXXXXXXX7935,1998-07-09
P1165,Ira,Singh,44,M,60a561f42a30805fc8d3b74cea0ef2c8dde66b892a44bf13370a842cc9eed6e2,MASKED-6118,XXXXXXXX3741,1982-07-22
P1166,Krishna,Banerjee,84,M,4d3fcbeeb7fe1238e93ff18b9c169e8f3c0c555f5445a84f9a36bef9736891e8,MASKED-9397,XXXXXXXX9796,1942-09-17
P1167,Riya,Mehta,30,M,a6e2a1070eb1769751bce544e0a2a66eeffa209ad61952d87f2e250fb80bda95,MASKED-0118,XXXXXXXX9096,1996-06-26
P1168,Myra,Agarwal,62,F,6d2227a394903e9c75c8ad7596b6693ee3c0624b04bb3afd13ba22b4f136afe8,MASKED-5589,XXXXXXXX3756,1964-08-25
P1169,Krishna,Reddy,75,M,a5042dfe013d65577c7d7a3a4250700fe7c715fa81638f4b7400e790fc92b120,MASKED-5910,XXXXXXXX5457,1951-04-17
P1170,Aditya,Mehta,89,F,2fa4298d5f50d36224cb376010c7083a4da75bd0a463e400119494b9802cee3f,MASKED-5626,XXXXXXXX0512,1937-12-08
P1171,Ishaan,Banerjee,62,M,cce713e1b4151c863ff953730da6d72477a1842bb2644661df4d0306b75b5590,MASKED-9167,XXXXXXXX2660,1964-12-20
P1172,Sara,Banerjee,1,F,597a3fb5fff0389d7563b8813e8855c60fff7d65f6bed5ef88c8a624283b848e,MASKED-3300,XXXXXXXX1825,2025-06-07
P1173,Aadhya,Mehta,27,F,d31fa94f753de4dfc6987b6e742262822b6ed8059fbd40a244075895ff83485c,MASKED-9808,XXXXXXXX1557,1999-10-06
P1174,Shaurya,Naidu,62,M,9e06962aaa204609d0d33804552fdc2061422eff87367304da5e1ffcc6bdd184,MASKED-2704,XXXXXXXX2866,1964-10-05
P1175,Muhammad,Mishra,77,F,b47d7e6034b0b8067b1bec8d50a87838a46270ac89e90cd3ac862f19a900fbbb,MASKED-4434,XXXXXXXX2257,1949-10-02
P1176,Riya,Patel,3,M,2148aed2767ef358a5452dcd61eef2bbcb81d73d6647791229dfc63d2d42da3d,MASKED-4871,XXXXXXXX6772,2023-02-19
P1177,Reyansh,Patel,70,F,0fde229255fbf2cc58903e0355c478333a7c558b7e10d581f82b95e050841006,MASKED-9152,XXXXXXXX7881,1956-10-04
P1178,Kavya,Naidu,72,M,223b1683e79eabb8cac6ef896419250037882737d3c9d74d7635e1c7cf1b59bc,MASKED-4641,XXXXXXXX0745,1954-02-15
P1179,Sai,Naidu,27,M,5c470f0119f811f1a5e551ec98c14795ab147aba76be8e80d77055f40ef1f433,MASKED-0416,XXXXXXXX0422,1999-04-05
P1180,Anika,Gupta,9,F,b8e599944da40f263e98931ad111294b69ff1c2cb55d50fe6a29c0aa0d2a36bf,MASKED-6034,XXXXXXXX1168,2017-12-09
P1181,Shaurya,Chatterjee,62,M,83411cba2776c0a8ab173bda61d7049146001f11b4aa5b72c45e799373251c6c,MASKED-3772,XXXXXXXX6363,1964-08-09
P1182,Aarav,Das,37,M,5a18df67acfa50679e24b9458467a1e8eb161e2ccf6aa6ca22bb4126b9bdb6c7,MASKED-1837,XXXXXXXX1701,1989-03-15
P1183,Shaurya,Pillai,51,F,957326d0b0c46136187f7e21f77ddba58825557490acf06073d50176571bd6ca,MASKED-6003,XXXXXXXX1520,1975-07-21
P1184,Shaurya,Singh,44,M,7de2d02a6d9f4466d68bda21dad24927fd33fb4121d798ce8f2df7eefa7c8dd0,MASKED-3210,XXXXXXXX3870,1982-01-23
P1185,Aditya,Kulkarni,24,M,1d01481af1db340616ec08d97e46c5a1a1000cf886a7d2758a2e317bf2b75875,MASKED-6129,XXXXXXXX5542,2002-07-25
P1186,Sara,Mishra,79,F,fb6cef6649565f55543045a7aba23c98c1c0d8343e554af4a9eb1d032efb0b58,MASKED-6403,XXXXXXXX2697,1947-04-03
P1187,Aditya,Das,59,F,7911091b59290317a82c50725bf96ac476dbad603ea2db4ac4f248f91d02a755,MASKED-2366,XXXXXXXX4138,1967-10-20
P1188,Ananya,Agarwal,32,M,094ee2fc0df7597d9fb6c819a3574821a4c58e2923bbc20eee203d2d0bbe2eb2,MASKED-2291,XXXXXXXX4037,1994-07-04
P1189,Aditya,Mehta,88,M,28645f2dc1f9264137318088d4af34c025e9bb8c2f9ad6fa8eecdf1e6bf92e15,MASKED-5687,XXXXXXXX9658,1938-11-06
P1190,Aarav,Ghosh,52,F,92365d8d87642a65f771d7719a5fbf4aeddfe9b4c4c40bff1b96fa7cfed09e17,MASKED-0106,XXXXXXXX8486,1974-07-23
P1191,Aditya,Mishra,62,F,7d8a94821835f665859c64918d79221720e70062430613027bfd7dd4a7b1c9e2,MASKED-1674,XXXXXXXX8328,1964-06-13
P1192,Aarav,Iyer,58,M,2a2e41bdb2d23b3cbf089ff9afbc142f65f20809903f037d5936af57e391e420,MASKED-1955,XXXXXXXX9904,1968-11-24
P1193,Ira,Das,52,F,c3ebdaed02238af1dfd9548e5d6e9d410b479fb0a1ed8d4b004b9d9cec8c2942,MASKED-8909,XXXXXXXX2524,1974-12-04
P1194,Ananya,Das,12,M,e2b5aece6639b0fb381196e007b442319d0cbfedb4beea507c19703be8035726,MASKED-5455,XXXXXXXX7850,2014-08-28
P1195,Aditya,Das,39,M,c53d25a9b5b6fb8f584b2e7fb85fcf8f81e3376a0a7c3d6e57e66afc83bc3648,MASKED-1749,XXXXXXXX0030,1987-08-12
P1196,Shaurya,Patel,2,M,d59ba5ebe8c65633bacff134beee5dfa1e12ff5dc4e8422dadd8341d94f4e8de,MASKED-7835,XXXXXXXX4195,2024-02-17
P1197,Krishna,Nair,3,M,4fe12c670ed9e4db65a3efe8f223eae599f2f2c073a7df2046a08ea784aaf658,MASKED-3129,XXXXXXXX1870,2023-06-07
P1198,Kavya,Naidu,56,M,5638af954cd7781799a4ea3348b179d2630e0dda67a97132e510ec7c85f43b27,MASKED-3665,XXXXXXXX3206,1970-01-08
P1199,Aditya,Pillai,81,F,a76a5ccc7edc4feefc84bb57bff126bf786d1bbe779a16574e2660355b329f65,MASKED-7348,XXXXXXXX3670,1945-03-23
P1200,Saanvi,Kulkarni,59,F,5c144774ad453c60d849a6453be1c9a27051e8862617fe09161027fe8dcac0c8,MASKED-7549,XXXXXXXX8261,1967-10-19
P1201,Myra,Reddy,2,F,d87681f2418befffa77caa8094edaa0f80b97abb70c63250191306a18c570798,MASKED-3744,XXXXXXXX7431,2024-04-05
P1202,Aarav,Mishra,2,F,c045c3f40326e05c2d422dfa72db266cdd8ae25786aba7746f7ff312d0a5306c,MASKED-0811,XXXXXXXX5374,2024-08-09
P1203,Aadhya,Nair,54,M,2d133d12b61687aaf0369e23f24cf6f102d4ae0abc5a7d9f3eb28a5151227b01,MASKED-8221,XXXXXXXX5680,1972-11-10
P1204,Shaurya,Sharma,87,M,8cdb37af37954fa6c39516a7d8bfb925b6b6f7719bc40583b49fde0fa8d9c862,MASKED-4137,XXXXXXXX2100,1939-04-05
P1205,Sai,Naidu,1,M,7a260600574731d922147eb3cf5b5bb3f8561234bd9d72946d9698f9cf90c582,MASKED-9381,XXXXXXXX7215,2025-02-02
P1206,Diya,Banerjee,19,M,e155355b56c101a16fdef1673a4b14bbbf98b52c7d0f1f9fbc16b04bf6345e43,MASKED-7032,XXXXXXXX5324,2007-05-15
P1207,Sai,Ghosh,2,F,be84504ca9408bdce2eca8eb36d97616b6e982f8d63543420950c6e97cab3f87,MASKED-1912,XXXXXXXX0146,2024-03-14
P1208,Aarav,Joshi,53,M,81798484e2176e9380fde34c1c757530d41e9ecbdd4951b2f6219ad9d609db18,MASKED-7364,XXXXXXXX9856,1973-05-06
P1209,Arjun,Mishra,44,M,03f9a6b69298e0c316a128bb55d33c2f68042f5f143cba8681cc1268d69b49e8,MASKED-8802,XXXXXXXX3213,1982-11-08
P1210,Saanvi,Sharma,32,F,36b33a69e9454656acf93a111dd6295d6e84711869fdd3512e7e68b49ab739a5,MASKED-2140,XXXXXXXX5590,1994-12-23
P1211,Ishaan,Agarwal,70,F,d03c1b774a89d80a062bb5f4ae2e55c82e26da4da5a8c5b04e5579839c2816bc,MASKED-3564,XXXXXXXX0393,1956-01-17
P1212,Shaurya,Joshi,32,F,871a095dd1a4da9f7e4f2edb576bf839e274d50c2cb678bf1e14a907d2299999,MASKED-6659,XXXXXXXX2921,1994-09-28
P1213,Sai,Pillai,68,F,edad5921307cdbfaa1adc3c316274be75270af4f8930ecfc885a5d50b86e66fd,MASKED-0044,XXXXXXXX6752,1958-12-18
P1214,Riya,Mishra,55,M,5b5346d79f7133c9e9acaf867cbf32609ebb2ba4310ac08598d5b5f96cf4fab9,MASKED-9130,XXXXXXXX9690,1971-03-20
P1215,Ira,Naidu,75,M,0b1ebec750e66fe77148c43f2190d40f17ddd83daa322f6698a5761bda4166c5,MASKED-5488,XXXXXXXX5215,1951-08-01
P1216,Riya, Sharma,56,F,46ad0118007a2ca3cca0a3f45da85999d19e360286ad817a3af78d699084601e,MASKED-2460,XXXXXXXX6267,1970-07-12
P1217,Krishna,Iyer,17,M,28644b99f5e9f60a39a9298c874058603fdad0cb8fc6677d502aced63a3d5dec,MASKED-9884,XXXXXXXX6296,2009-03-02
P1218,Ira,Iyer,38,M,59e2157b0949997c977b9b9ed207e029051e383307ab603dece8f0e8fb349323,MASKED-8138,XXXXXXXX1069,1988-09-27
P1219,Muhammad,Nair,24,M,11913ac25106490db8d0b33552b0e41d014af9158a215cab542d1356ea6a01bf,MASKED-4142,XXXXXXXX1032,2002-11-10
P1220,Shaurya,Singh,69,F,ce8aa4bf4bcce1217f8f4fe14ceb68276c04d70a284a72e57155e213c436bf77,MASKED-6766,XXXXXXXX2565,1957-03-15
P1221,Diya,Nair,70,M,8f856df9e276b6032992b1ce4fa6f3999d4e538bc93ee401a5248a1b1279d9ab,MASKED-7680,XXXXXXXX1586,1956-10-08
P1222,Muhammad,Verma,86,F,44719e3ccf794e5058e6489d2a28e2a46f45e1b4b872fc74ad7352aa25dd3f3d,MASKED-2006,XXXXXXXX1608,1940-10-17
P1223,Sara,Das,11,M,d7d4121cb14a51780e194a92e9421a14cf835dd8e7bf765a5990f1c6171d5f25,MASKED-1674,XXXXXXXX1632,2015-10-09
P1224,Aadhya,Ghosh,16,M,f0ad69c28b323e2984835bb6b87bf6b62bc108a5c8f41816a787811e1a82822e,MASKED-5007,XXXXXXXX0998,2010-07-04
P1225,Muhammad,Gupta,73,M,7797fa6a14f2f153390e53886fbb3b93ccb68b605de443362566c5f019850ae7,MASKED-8258,XXXXXXXX8564,1953-07-21
P1226,Kavya,Chatterjee,59,F,4a2a25619b5f363ce531999b805ced18c48a82954860a12be6b21b37e476eb95,MASKED-8456,XXXXXXXX6530,1967-12-16
P1227,Aadhya,Reddy,70,M,32dc0d40d9b3a4ccba1a38f434270d476010b7ce29b8654abcb3ed42ef7bf80d,MASKED-4902,XXXXXXXX4754,1956-12-14
P1228,Anika,Iyer,80,F,374de98409852f3358925664e2d4a88aa65d2e397c9ea6dcedf610cb341ddd1f,MASKED-4412,XXXXXXXX2148,1946-07-05
P1229,Arjun,Das,3,F,133b078b2567c53562cca0ceeefb621a556b287f50958019dd267d13d259e03d,MASKED-9068,XXXXXXXX3457,2023-09-13
P1230,Kavya,Mehta,20,F,b0c3811c434ce6f86cd2957b228ec75b68c79f42b0faec98b285e6b9f699487c,MASKED-9054,XXXXXXXX5524,2006-12-27
P1231,Riya,Das,59,M,baa10952f72b90fa7bfa4b437b3967822841841237ca46d6afbfa7482fc148e1,MASKED-4736,XXXXXXXX4680,1967-11-01
P1232,Ishaan,Kulkarni,36,M,c57282c4e9e7eda4817ff1acfcb85d6b176f523140fc02a71548aece7137bb80,MASKED-9916,XXXXXXXX6657,1990-05-07
P1233,Ishaan,Agarwal,19,M,9c59a821599b28636410ac58dac9af822c78d7414e8c53e7584ed0e9572a70cd,MASKED-3833,XXXXXXXX8994,2007-05-22
P1234,Ananya,Banerjee,67,M,acc957e504a3495ac8e70ee74e7ae54513761fca04a35e5c8bd7c6e0a125ed17,MASKED-4512,XXXXXXXX8309,1959-07-22
P1235,Arjun,Ghosh,19,F,1c5242900be055a77adbd12fda34c8da633f200716e28980a130065188c16726,MASKED-1936,XXXXXXXX9935,2007-12-23
P1236,Myra,Sharma,20,F,9b9079fb17ea362369382e366313b4da9df52e1b8b06dbc16f43349f3aab7728,MASKED-3281,XXXXXXXX7248,2006-03-22
P1237,Ishaan,Kulkarni,71,F,c9d259d94887f0313a3f16b71d628ca438c43fb7a24ce2b7d998c28ddcf705f9,MASKED-2021,XXXXXXXX2235,1955-07-19
P1238,Ishaan,Mishra,52,M,4207b2d4fab3b6a4eca8a0cb2dc012150e8ee49c89224bd3e49ff552cf1c0d4c,MASKED-4150,XXXXXXXX7432,1974-10-25
P1239,Ananya,Singh,33,F,a720c69261dd75e212aadb5e217040f3edba9eecdc8337971637e3408b3f4bc2,MASKED-3786,XXXXXXXX6008,1993-04-24
P1240,Anika,Ghosh,40,M,5488dc383ac7318c5b7bbdbe2f575fd8e8306a70d6abeea5ed919aed2392b6f0,MASKED-3716,XXXXXXXX2168,1986-10-10
P1241,Aadhya,Chatterjee,39,F,cdda38cac58419f3184889298a0b3357080c72d8b5527753c18eac322f12cdda,MASKED-5578,XXXXXXXX6257,1987-06-25
P1242,Ishaan,Nair,82,M,fcc375dfc03b0c8abc16514342e8996608966d4a1b077bd21c8d53b42a2e1c62,MASKED-7294,XXXXXXXX8215,1944-12-21
P1243,Aadhya,Chatterjee,1,M,e7ddebe0e295e87399b9774b8bf089417f32c9594cda3a3616ce23c103e45017,MASKED-9531,XXXXXXXX0167,2025-07-04
P1244,Saanvi,Singh,11,F,0dd6903cd6940aa8b1175015e5d302155c984569dbdd79ace162182f61f9981f,MASKED-9184,XXXXXXXX9926,2015-02-17
P1245,Arjun,Chatterjee,57,F,bbcbd555393d80311515c440a8558c86d577569ad081ad18c16dedd38eb0cf0d,MASKED-4082,XXXXXXXX3564,1969-03-02
P1246,Ira,Iyer,89,F,6b55ed34aca7ee04225a2b87f853732a523c6f2e248e2231f79e11524c1f9ea5,MASKED-9714,XXXXXXXX7218,1937-02-24
P1247,Arjun,Agarwal,50,F,d05796e36a9a655a2f2ce3f827b689026afd0b1d0a8ed20ec9c1c92de8585ae4,MASKED-1361,XXXXXXXX0455,1976-07-24
P1248,Saanvi,Gupta,23,M,46eb1b2a6746bedefb564fb39c666b01e692e9c6b70ab06760333672045fb7d3,MASKED-5345,XXXXXXXX4155,2003-03-04
P1249,Kavya,Pillai,31,F,b801fe3360996d6103c1b742c05bc789b0591109efe61cde26583a45a86b8612,MASKED-4687,XXXXXXXX2169,1995-08-26
P1250,Arjun,Singh,42,F,ffd4632d7994fc8b7d117222eac4ac4ed8a3e8b4356c693a89e210d080184b19,MASKED-7041,XXXXXXXX1670,1984-02-09
P1251,Aarav,Pillai,7,F,67c4c48b8837b00963c0a0748af12f5d1f01079540406056a21fb0ce030f9005,MASKED-4312,XXXXXXXX1637,2019-06-22
P1252,Aadhya,Agarwal,16,M,bc583c544b9ee69fab52d2971f80b970ed19ade3346b969db7295fd1131e4409,MASKED-0851,XXXXXXXX2175,2010-04-11
P1253,Aditya,Mishra,60,M,811fe54896bd2ead1db55f4753818136345300a9b23f3f372756a757622331cd,MASKED-4244,XXXXXXXX1994,1966-09-18
P1254,Muhammad,Khan,2,F,bda78bf0acc509f0a55679b5c258c2ab20cd727849936a59d6b89759e8665c01,MASKED-9408,XXXXXXXX7571,2024-02-25
P1255,Aadhya,Chatterjee,1,M,1345222d91bf870969135c9e3d19000d26b7c410a847e593beda4a6afda4e670,MASKED-9415,XXXXXXXX7261,2025-05-20
P1256,Krishna,Mehta,48,F,04b1e58148954b4a92580fa50585460c296ef0c9980401870454ca61a813b402,MASKED-9816,XXXXXXXX9177,1978-11-19
P1257,Ishaan,Banerjee,12,M,358d726c93b4bfe8e5eb263001bcb46b7f0bff236c665f88bdb26dc7004bf4c0,MASKED-3177,XXXXXXXX2922,2014-02-13
P1258,Diya,Pillai,69,M,555c7eb7f9d722f214d90a0df595f999eacb406aa791db525e812f1b21a29ad4,MASKED-4117,XXXXXXXX7226,1957-10-23
P1259,Reyansh,Pillai,37,M,8789b3d7c4d3c5278969800c35fc7ed198211b38a1a7aca78627193cbafa3f28,MASKED-3780,XXXXXXXX5228,1989-09-23
P1260,Ananya,Mishra,32,M,c6b075b6cfae03671936364afd533fdce8b7695704f5e00c5674942f23064994,MASKED-5967,XXXXXXXX6081,1994-01-13
P1261,Saanvi,Nair,9,F,fe98151c23efa085c959af22a6a2ccd19252d3b8fdb14fd092eed33a7e998a65,MASKED-9947,XXXXXXXX4380,2017-06-27
P1262,Vivaan,Ghosh,19,F,72f557b6f9daa2eba6d8cb624a717b0c8b0243a6ddf5e19ad6dfe1aa0b13cfe8,MASKED-1819,XXXXXXXX6665,2007-09-02
P1263,Riya,Das,48,F,96ea21f56462d7a56e3b48f3af352fb8c9bc788d250545ee5ed36a1ed0331e3a,MASKED-3243,XXXXXXXX3472,1978-11-03
P1264,Anika,Ghosh,80,M,ecd1c0d723800aec5c735a4189f1ef395c726f7639d3c4171ea57e38a5d45167,MASKED-5590,XXXXXXXX2294,1946-01-11
P1265,Aarav,Nair,3,F,b4f769c6e685fa21fdebcf425e12ea5bbc686f73a2b1e376c3d37caf2eebc254,MASKED-5885,XXXXXXXX8515,2023-09-08
P1266,Aditya,Kulkarni,20,F,13511a6c90ec91dd59d1e6c6faab373754cc4d65484ae38f670f14c6570e6453,MASKED-8354,XXXXXXXX3355,2006-06-10
P1267,Saanvi,Khan,24,F,7f63d143452ac4bf31ab3c2003734ca3c4b0fdc0bc01be3d138a305e552f509c,MASKED-8525,XXXXXXXX0561,2002-07-09
P1268,Krishna,Kulkarni,54,M,3dafe1eaf422220da75d4e62013b2027d84a04e1598654eb0feb4e9fc6906945,MASKED-7569,XXXXXXXX3581,1972-02-06
P1269,Aarav,Verma,33,M,78e9a4fbc2bc95dabb061b2763cf7868815e17503209c2db4b53abc907f30211,MASKED-4268,XXXXXXXX1207,1993-12-11
P1270,Reyansh,Nair,24,M,b8c2dee1458ba7b752681e305e9746183355aa55a13f90dab5136f8c98e7852f,MASKED-9475,XXXXXXXX6676,2002-07-11
P1271,Muhammad,Pillai,75,F,5728761feb47143ab81be4e6f0cadf97a0038a9c18c92ce2e0fb0655117346fb,MASKED-9013,XXXXXXXX5814,1951-11-10
P1272,Sai,Chatterjee,72,F,bb59da41bbd9349a16fdb0190286176ac8c7850b2234f3179dee133e3d06ac18,MASKED-7050,XXXXXXXX2684,1954-11-05
P1273,Kavya,Banerjee,36,F,46b78df3ca785edabcce361d6d5985e41fb3731256f05862433ddb2984d30717,MASKED-2445,XXXXXXXX6881,1990-05-07
P1274,Sara,Ghosh,38,M,2b69c10674ac62114f58437cff6dd667e2be3e7078667156264cb92f8be556a1,MASKED-4388,XXXXXXXX1290,1988-09-15
P1275,Anika,Iyer,84,M,e50358a520a1f2c0fd5202995f79b23e226b82a769762b1a078938e34b62d02b,MASKED-5927,XXXXXXXX2314,1942-10-03
P1276,Kavya,Mishra,89,F,6985b0d3685ec9434ae8d2fedfbc00427b741350e82ab6a9e774490261bee531,MASKED-9527,XXXXXXXX5562,1937-01-11
P1277,Sai,Mishra,25,M,55a36c9bd3b5b26df4ad7b7177122065d5b285b6f6b03d9109d3cf72dd42f775,MASKED-7990,XXXXXXXX5478,2001-02-06
P1278,Aditya,Naidu,18,M,370f515965bcd1e4d6a8359caf43088f63c946b46085c0d4a5897ede781713cb,MASKED-9071,XXXXXXXX0996,2008-10-07
P1279,Ira,Reddy,82,M,31f80cb96cd0ce5cecd7a4f42e977050f5b983a04126efe6e3f9c09bb24f8e52,MASKED-5743,XXXXXXXX2788,1944-02-13
P1280,Anika,Pillai,66,M,8ca7ba0a4a9f05c5d34a2195c7aaaa3f15458d3233f2e87bf01f5a0d9bfa69fa,MASKED-5609,XXXXXXXX9927,1960-06-02
P1281,Krishna,Joshi,54,F,10f7066e9bb29acc2fe16c6eee18a91dc4383e77cf5ba0c2501b6c982b4c3e8b,MASKED-9570,XXXXXXXX6770,1972-01-21
P1282,Kavya,Chatterjee,35,M,ef769562b3b3024463f4d5464563cc9a84c0aa3378e7daeaa6e3ba5b17d57b3b,MASKED-1043,XXXXXXXX6591,1991-09-09
P1283,Sara,Mishra,80,M,d161503679f776da2e6bbb8d68afd2141a750171c3b435a325bd0b42023e8b04,MASKED-9982,XXXXXXXX2723,1946-02-17
P1284,Vivaan,Mishra,61,M,6ac358dfebf9ba5cee1e3a247528521f84a882354fb90d537ae05bcb89d3e5d1,MASKED-9410,XXXXXXXX1777,1965-04-19
P1285,Riya,Agarwal,41,M,e8573068c96e066556ef7a626734633198428074bc3a08759afbf2e4b00c1c36,MASKED-1254,XXXXXXXX0920,1985-03-09
P1286,Aditya,Mishra,33,F,78e52773e501d7f9449798ab4a800afb318f9c0288c9242eb3c9ae9b6a6b5056,MASKED-5234,XXXXXXXX7236,1993-10-05
P1287,Ishaan,Kulkarni,68,F,b66ac5e5e2ce56d90ac7a1f890922aae3225ba74fc1090e324376e1c0f94b6bd,MASKED-8506,XXXXXXXX3662,1958-02-01
P1288,Riya,Khan,33,M,c1e2b523201427e7206959a08a548837cdded2fc5c4f670ba5d61e65cee62b59,MASKED-2850,XXXXXXXX8811,1993-08-22
P1289,Reyansh,Reddy,14,M,ce189d509cfbbf2295f5670ae2ff269ea1de7f7775a21718519546c2e7c44abd,MASKED-0779,XXXXXXXX7659,2012-12-25
P1290,Aditya,Mishra,21,M,aa6d9995e61271ddea87434bf5841b2e40b4719fa6783531b765429fb182a0d3,MASKED-5760,XXXXXXXX6430,2005-12-24
P1291,Anika,Verma,48,M,4765690f83b9616d83bc0b236dca984f76a79a8f0b76e2f04bdce74ac1a2778e,MASKED-0039,XXXXXXXX6944,1978-09-14
P1292,Myra,Ghosh,20,M,e45b6bde462271807ff35215cf5eeddf45b74ba0364ca82cd23695bc9ffee1b5,MASKED-1875,XXXXXXXX5887,2006-05-10
P1293,Aditya,Reddy,8,M,0c412cf5d2c511411af8c103537f804d2b4e449af2490ef08e8812aa0c07e029,MASKED-4997,XXXXXXXX8658,2018-10-23
P1294,Ira,Naidu,7,F,cc4cde975e87798287e6f178ae6a4be077f3192f78cc1a13111b0d180cece700,MASKED-6891,XXXXXXXX4351,2019-10-02
P1295,Muhammad,Agarwal,67,M,0bd1cf188d8ff4f007016614a85687a6726d28eea8f7ec914ff954933b0f22c4,MASKED-0529,XXXXXXXX3843,1959-01-26
P1296,Aarav,Joshi,17,F,58d4dcd7d6463066938711146d6d91749fbc0a346b75c6ea2e96358f53c1d363,MASKED-5221,XXXXXXXX6566,2009-10-07
P1297,Anika,Khan,33,F,33035db0ce491529e88c08040be2e200d70df1ed02ac344a4a0ccd4c1f92efa2,MASKED-7770,XXXXXXXX4393,1993-08-13
P1298,Ananya,Kulkarni,48,M,f3bf1555bec2fe16e1bcc5daa65e8a05b49673082f4efab26c97b671682fb78e,MASKED-2052,XXXXXXXX5184,1978-09-27
P1299,Aadhya,Mishra,76,F,f5ba50fd47972bc4642ad1fb7dba67192e4f6c73942368696a01b1f2a8907b50,MASKED-2835,XXXXXXXX9071,1950-05-03
P1300,Vivaan,Agarwal,59,F,471c6672408cab48983c6d62717b94a586af2260c77cf7cf4e920dfe4a63bdb4,MASKED-9775,XXXXXXXX3416,1967-11-24
P1301,Reyansh,Patel,86,F,4fae66d64f7461e598b6195ffba7ecbf613e8e2741d6a9fb45857895da33c333,MASKED-5137,XXXXXXXX3733,1940-12-08
P1302,Arjun,Kulkarni,22,F,4600fbe044681944f9696e7017283cd896fb38fc80ebaf381c2348152d4c50f8,MASKED-9712,XXXXXXXX7908,2004-01-28
P1303,Ira,Nair,30,F,d7e0299e194d37b7f1eb6e995315fbe93c6be360612ed2ca69b4ea5004f1724f,MASKED-6631,XXXXXXXX6392,1996-01-17
P1304,Myra,Khan,38,F,95f84842954916c7851086d5b7b0a38b6b9b3698c3d44c5bf5ef0cf66443a59a,MASKED-5164,XXXXXXXX7500,1988-11-07
P1305,Shaurya,Kulkarni,51,M,5bbc90e1abbfd3bb63c2478ff34726cc50e730265b189d85fb2400e973fea1ac,MASKED-4459,XXXXXXXX7955,1975-03-16
P1306,Shaurya,Verma,54,F,4672abef8ab540233aaa9b4665f956749993a9c5a5da43b450e7df8e43e5df74,MASKED-7617,XXXXXXXX9314,1972-04-18
P1307,Aadhya,Iyer,8,F,39ea30b4d101d0d3027c9add994eafaac54148d8ab9d3ec5fedd9774aa53149f,MASKED-1278,XXXXXXXX8857,2018-05-09
P1308,Sai,Mishra,27,F,fcfd41d462528bd7a109c5eab9945e378baffa1b0ecb5fca567e69a1e909a88c,MASKED-0790,XXXXXXXX5455,1999-09-18
P1309,Ananya,Agarwal,27,M,03737482f776c332295e6de3a2feedd15dc51608f88a0a1ac49c4a65239acff5,MASKED-8026,XXXXXXXX2455,1999-11-17
P1310,Aarav,Singh,21,F,b396da0f1226cbab4a4c924e96fdac716756da02ed3be5c61f43ebb6bc80a390,MASKED-9438,XXXXXXXX9961,2005-02-06
P1311,Anika,Joshi,30,M,f569b1674b2a2abf5a7cba9fc1c851cd848b91f4a18db0ef2574a9a89ea42e71,MASKED-8800,XXXXXXXX9876,1996-03-06
P1312,Sara,Verma,28,F,378406aeb1e792e3bf5f9a1cf7cba96fdb1262af34769c5aad16b58259f08d07,MASKED-9680,XXXXXXXX1780,1998-01-25
P1313,Aarav,Nair,64,M,c804333aa585cf821a005fab7cab4f4179f2bdf6315889642526b2e137e4505b,MASKED-2272,XXXXXXXX4722,1962-09-27
P1314,Anika,Joshi,69,M,81dd743408013a7622cdc0a687629afb99d7bb9d6517ad82487c6cefa3686b9b,MASKED-7372,XXXXXXXX2829,1957-10-15
P1315,Kavya,Agarwal,61,F,e17b5a9652a7a59a4c61ba14c6223d81ca76e93a156c682672d96f6e72c7c8de,MASKED-0684,XXXXXXXX4564,1965-03-10
P1316,Aadhya,Khan,48,F,77c8e9074410c52b7723ca3ef2a2db4812a3c83a2a30c1c1cbdca502fb808638,MASKED-6534,XXXXXXXX4064,1978-10-08
P1317,Ananya,Chatterjee,19,M,8d4aed7db52e7e53da76cbddfcb9feb81e799c1c77bf66f987ffb7f80accb835,MASKED-6546,XXXXXXXX3416,2007-11-08
P1318,Shaurya,Ghosh,4,F,48ddfb495e1409de7364db25b7ce537fd6c41542be92a35e9744c3b252b33024,MASKED-9440,XXXXXXXX1797,2022-05-23
P1319,Kavya,Chatterjee,35,M,3bf4612ee3033a11fb540052ebb54d7bbc09434c73a38b7bfb1429262614478a,MASKED-7382,XXXXXXXX4427,1991-12-01
P1320,Arjun,Gupta,64,M,589ea7d8a3d33762fd111c1cc8bc18459f4906c03fcd3b2c569cc572c2a1b4d6,MASKED-5387,XXXXXXXX7051,1962-03-02
P1321,Anika,Kulkarni,49,M,4fb6fdce78c5be84be8e019455d7ea4601c2d2494ea035009db030398be6e711,MASKED-8733,XXXXXXXX3673,1977-12-02
P1322,Krishna,Iyer,17,M,a1d9f6f3e962a47cc24b3ddef753d2016f232ad9159ccf1d3abb4ad31443c7de,MASKED-6822,XXXXXXXX0881,2009-05-16
P1323,Shaurya,Verma,44,M,c0ef28763991518d7ca9461fb9fcb3e3dc05296112215cb46431197280efa41a,MASKED-5172,XXXXXXXX4916,1982-04-01
P1324,Saanvi,Naidu,30,F,353eb9069c438433d517c6d63673418bbd3d03f4a7a2cd0085152706428b9d6b,MASKED-0893,XXXXXXXX9500,1996-06-21
P1325,Ananya,Banerjee,46,M,fd0b96ab5b1afe10524b4468871a3d6e1d0f008b9d42c105f845f8de93355623,MASKED-6204,XXXXXXXX6524,1980-01-16
P1326,Anika,Kulkarni,6,M,5ac6109743113e8b78a78081ba853a8b60f95910444a206336472278db32c8f6,MASKED-6272,XXXXXXXX4982,2020-02-17
P1327,Anika,Joshi,37,F,6601bad14a63daef3f8b8b5975fb83059f2610a1f075f824d7a1d95da5da8dca,MASKED-6097,XXXXXXXX0959,1989-04-11
P1328,Aditya,Das,24,M,f43069012830dd408e8bb1a276b76a75c05855eedf22c1a8ba17d485721b3112,MASKED-0775,XXXXXXXX5118,2002-11-03
P1329,Arjun,Sharma,46,F,781a5ead54b4b9fdf37607801f96a1c8936ce55c33f8a8b7cd3309af5bf85abd,MASKED-1951,XXXXXXXX6789,1980-12-19
P1330,Myra,Agarwal,53,F,7f5869f7dbe6115eb617e9c88cd5433c967a062a6baa59b34d4c3caa6b4ae180,MASKED-9637,XXXXXXXX0586,1973-06-26
P1331,Aadhya,Naidu,60,F,c375587cdaaf8ede5879ea5c2d8b88894f05c99e386c05ba7c16007cc5b5533b,MASKED-1793,XXXXXXXX3863,1966-04-17
P1332,Kavya,Joshi,63,M,b69b5a0823ff17339a83b371693dbbd1c6b2eb91c5b8b194defb01e92628aa21,MASKED-5093,XXXXXXXX3983,1963-07-25
P1333,Kavya,Sharma,85,M,7a923f5c0c4633b01282e6e3d7ff835213566505293529fce162d1cda10ad779,MASKED-6226,XXXXXXXX8240,1941-05-08
P1334,Myra,Iyer,32,M,26dd2ced2d034e88f8ef053a2f6c4f1d0243e94caeceac59a7b73c78e3b26052,MASKED-1671,XXXXXXXX0752,1994-03-09
P1335,Aadhya,Pillai,87,F,b9ca26c01d9639a93c2f0cd0f0be849ed5f776966384949e56957df21148fa47,MASKED-5561,XXXXXXXX5727,1939-12-23
P1336,Arjun,Iyer,33,M,6fdc8fe91bfa72d0877bd170eab3c630e478b62edf541297dfdaf1fcb7d9da2b,MASKED-4632,XXXXXXXX6613,1993-12-21
P1337,Vivaan,Chatterjee,67,F,b991e4459312e951b5fc78472d920be737202da226abf9bfbe9b09a1e2575752,MASKED-1093,XXXXXXXX2583,1959-03-02
P1338,Aarav,Naidu,18,M,bbcb3cd9c6268dd021bdee0cf03cb70ef00ee6be054972e0dea07c9949f455a3,MASKED-6009,XXXXXXXX2251,2008-08-19
P1339,Shaurya,Gupta,25,F,4ac0909145c133c2868b0dd1955b77844473aae24f497294375107eda780c599,MASKED-9481,XXXXXXXX3769,2001-04-18
P1340,Anika,Chatterjee,54,M,b249560aa83038fc26e6c2e726f485506b6d150ab35adb12be50bb80b9f36b7c,MASKED-3853,XXXXXXXX6553,1972-06-12
P1341,Riya,Das,58,M,81c005a23ec037a91aef59c2835bd3473a1b54a492734edffc95e791acda79ac,MASKED-8998,XXXXXXXX0335,1968-03-25
P1342,Reyansh,Nair,67,M,68130a5ca7a496603b6bfd87579b7fbf717e5d9dc1f35c5f173e77b213b87e7a,MASKED-9729,XXXXXXXX4770,1959-06-07
P1343,Ira,Das,46,F,e7eb3bf476f908b613d127c612445506955944d92715f91d9979f9f396628eee,MASKED-0034,XXXXXXXX6980,1980-05-06
P1344,Aarav,Reddy,24,F,0e2dd40ef21e21bea80eb68d0850459a57e5644077c262599be895a22161c17c,MASKED-5749,XXXXXXXX5104,2002-11-13
P1345,Aarav,Das,32,M,341da42a0d2e8e479dfcfff3b5dd6e003aab766115d8303cdca7d975d9208428,MASKED-1020,XXXXXXXX8780,1994-01-08
P1346,Anika,Mishra,47,M,7220e937c42d6158679b93adf213c04b6ed1016d375df0ef178d26829ed52b36,MASKED-7668,XXXXXXXX3840,1979-11-09
P1347,Ananya,Khan,86,F,fe5ab50010ae851dd9cc87eb20cdb3a238c2e9f84f0acb0d0a74777cf62812b2,MASKED-1587,XXXXXXXX8936,1940-04-19
P1348,Shaurya,Naidu,23,F,d7078dedc1ac0b38dc41df9104b8b47c22ffbed188086e38a22952640f589987,MASKED-8436,XXXXXXXX8324,2003-12-23
P1349,Myra,Nair,66,F,2c06f9ca2db012339226bfea3a1d448753d1464c3c88dd8a56703f91da1df7a4,MASKED-8017,XXXXXXXX2520,1960-06-14
P1350,Diya,Verma,27,M,ba2f022fcdfde2b70cd35fe64e7e1f54401ba4b079d9377640c4ca6464b66a09,MASKED-2443,XXXXXXXX9499,1999-10-08
P1351,Arjun,Khan,2,F,a0bbc766649eb6ebf891e0e3ce627ccf7a8a7c6bea02353bb0072221675bacb7,MASKED-0275,XXXXXXXX5267,2024-08-05
P1352,Sai,Gupta,17,M,8ff784111ae867cd394ca1fa110633e01baf1e1a7e0ed432906d3ecf7027a3d1,MASKED-8848,XXXXXXXX1279,2009-08-23
P1353,Ishaan,Kulkarni,33,F,2a1b5774a56e970244d0bc96e5cb655743987a6ef26a836be7e627ebfdf452f1,MASKED-2130,XXXXXXXX9988,1993-11-23
P1354,Ira,Naidu,9,M,f522ce91b232468a4c98ed5d88786232e8c819cd5eedf6ef0a89d72835bf205a,MASKED-2105,XXXXXXXX6803,2017-05-15
P1355,Ishaan,Iyer,43,F,ef1f13c42299872ea0cbdd2022d012fd7c8b21f4a8b54eba633a05adccb9ce4f,MASKED-9364,XXXXXXXX2771,1983-12-17
P1356,Ananya,Reddy,48,F,898a9c9110d497d01e93b1e8bc009d6a2b1ab4495da0d2b45ad3b4611f4d644e,MASKED-6197,XXXXXXXX2793,1978-08-03
P1357,Aditya,Verma,39,F,001eaedf2939f38b0819403d22eef67fc17d5feea36c2be3a7e127b57702f67b,MASKED-5930,XXXXXXXX6892,1987-07-18
P1358,Ishaan,Banerjee,42,F,c6b3c3f8a65784f1264b88b6e6e58ebe318bb5fc6329502198ef627695c71d8b,MASKED-3247,XXXXXXXX6447,1984-05-21
P1359,Anika,Chatterjee,26,F,6074c054fad6153bcc2b1e694819248542428938f60cce51b89a7b5a1c03604f,MASKED-3318,XXXXXXXX8097,2000-04-07
P1360,Diya,Verma,50,M,2e4efe1ee9ef89f31a35faade1aac3fd557886fccef82fd3d595e3c48dc99f7e,MASKED-7988,XXXXXXXX4983,1976-01-06
P1361,Anika,Patel,25,F,aaa30acd85c274743fcd7c6f41022547889c8ee4d876d055c2e9d837fafb17f2,MASKED-0705,XXXXXXXX1016,2001-03-06
P1362,Aditya,Ghosh,24,F,93a3e20e94a249d724121ce22b6c99c64762380f1f60e08317e75c0e21f77d5c,MASKED-5267,XXXXXXXX1681,2002-05-16
P1363,Sara,Iyer,13,F,7a8c3d109a3804d07c6ba7b10640eac0921bb771b969c8c71dfc4bdc525af8ed,MASKED-1941,XXXXXXXX0198,2013-02-16
P1364,Aarav,Ghosh,60,M,2027f15e289a9adbf4609c3cf0538bec098712c84fb19cd75a13047997dd939d,MASKED-5314,XXXXXXXX9978,1966-12-21
P1365,Anika,Das,7,F,fda4932bd44c3bfd7a7733d743f9bd0dac6a4fe49a33edac644f54d6fa66cdaa,MASKED-2309,XXXXXXXX7139,2019-07-14
P1366,Myra,Gupta,57,M,4dba94b1d1eb2b122a6523b68e5653a4af17a9bcca39f2d3bb8e8ae10fa7bde2,MASKED-3873,XXXXXXXX4885,1969-01-04
P1367,Reyansh,Das,36,F,156d9357a4ffd95ac735f01a2c55f9c374bd3b0e320747ea02879ad8cd69e6d1,MASKED-4727,XXXXXXXX7027,1990-03-21
P1368,Myra,Pillai,45,F,05be9f6a9deff099bfaf1db0114a8c3baf58281a9eaae7fe11ea1ecf11f0af77,MASKED-3456,XXXXXXXX0395,1981-06-03
P1369,Myra,Joshi,20,M,931d77a6045e74fa588b09260da83ca92172b8d14cd314f4ccf2fc0665e9b13b,MASKED-1933,XXXXXXXX9145,2006-12-02
P1370,Myra,Nair,65,F,73c4bb6c0ff00f6bacd44cc05459a322f75718eeee99553d41ad387f199128d9,MASKED-8413,XXXXXXXX2150,1961-04-03
P1371,Diya,Joshi,8,M,69c229dccebfc11121f1a99d732dad7fa9660a3229d3e85dd7a4b520095d5c5d,MASKED-6858,XXXXXXXX5218,2018-11-05
P1372,Arjun,Nair,16,M,13776c360b50e891d0f198af6de2373b52a4394eb45e45e17b399e4f04f60460,MASKED-3074,XXXXXXXX5701,2010-09-25
P1373,Sara,Patel,14,F,6c9d893d0cb4156fef986ecba59b672f3b6b64d3e2b408c24c98b8d5830314c5,MASKED-0147,XXXXXXXX5714,2012-03-06
P1374,Aditya,Verma,76,M,4af08cfd2b62b77966671bfce5a32db25a9030fcf85a19275b269511d2b7b2f6,MASKED-1768,XXXXXXXX5424,1950-10-08
P1375,Krishna,Sharma,87,F,54c5dd1147fcac3e0ca3649b042b5d1812fa40d8c5f81ba378c5f682743f1748,MASKED-9109,XXXXXXXX0160,1939-02-14
P1376,Krishna,Iyer,15,F,5c321aea466a91dc394e31857db04699855aa5b0baa9ffb6f229935046305ac9,MASKED-1801,XXXXXXXX8179,2011-03-03
P1377,Shaurya,Nair,66,M,560165c3926fbcbb9c17077b1bbbf151a24f2662b1038c53d1131521c954b8d0,MASKED-9779,XXXXXXXX5625,1960-06-15
P1378,Aditya,Iyer,32,M,5c123679a1763227e22d8fac84b38bdf5a9e48ca4efa1db8d55267fd33100f39,MASKED-5347,XXXXXXXX9928,1994-02-13
P1379,Kavya,Sharma,87,M,e47187bae6e94c28ad4db899d938f891d9d5fd1d0101678e794352de554ebae2,MASKED-1367,XXXXXXXX9382,1939-08-13
P1380,Reyansh,Khan,63,M,b6a8309e6d87c40c75b1c9a0b341fa22697a7c8edcc365f9a64bee0bc57520a7,MASKED-4003,XXXXXXXX1971,1963-10-20
P1381,Vivaan,Mehta,86,F,4e9c469c3891f50aeb1f359519cb04ca9b79c35aedbf737ed8e3e379ea24b695,MASKED-0884,XXXXXXXX9657,1940-11-22
P1382,Anika,Iyer,51,F,5eef53cfde3548aeb0bd01262b751191617369bf5fe3397086153f6c97f8293d,MASKED-8861,XXXXXXXX6997,1975-04-07
P1383,Arjun,Nair,25,M,2d39d32790dfa106af2841364173b1c842fc228c2911298d3957ae79c8752f89,MASKED-9631,XXXXXXXX6240,2001-06-18
P1384,Kavya,Khan,58,F,b72a1c643e855b4600158a79c45a3b7da72bd4064e9e5904cf341bd2966ca7be,MASKED-0739,XXXXXXXX6566,1968-07-14
P1385,Reyansh,Das,63,F,4c28acaea0f5bd1e76014313f1d05a9f18024cd38f70f061a26d924bdda399b5,MASKED-0600,XXXXXXXX2422,1963-01-03
P1386,Riya,Gupta,62,F,ea0caec7f0887d720e86fe7dee098aa6a3ca1a4fd3fa29dd85d92bc7b76479aa,MASKED-2101,XXXXXXXX6927,1964-09-14
P1387,Anika,Sharma,22,F,b27f88c5391e8d4d5802d7b8597bfcb08473ed88c1e2d611fa2a0568ef5e80ca,MASKED-4285,XXXXXXXX3846,2004-09-19
P1388,Reyansh,Das,58,M,9bb121365235de270105ad7de1928636be44097e241e77f375115a46423134a7,MASKED-7269,XXXXXXXX8478,1968-02-17
P1389,Muhammad,Chatterjee,58,M,7db8baa3fb2492851fbf163ebb5a5622ba47f7c572ebc4b75d9d8fb1e8b6e52e,MASKED-5107,XXXXXXXX8077,1968-09-16
P1390,Aarav,Mehta,86,F,2465f676ef290a13d3f9bd20bb305c3268f434adc540603dd2876d5001f4bc02,MASKED-2605,XXXXXXXX4079,1940-03-19
P1391,Aadhya,Mishra,49,M,92e26f2eece8a6364fecfeec1e3e0b2652f98995dcfef8772ab628c740a6049c,MASKED-5231,XXXXXXXX4429,1977-05-09
P1392,Riya,Iyer,52,M,d34beadf10fb10ce12c85c885e67a80817b806b2f0053dbfa528b3d8d11630df,MASKED-3507,XXXXXXXX4372,1974-09-28
P1393,Ishaan,Reddy,42,M,40577271e62a4cd6e9db3a8581cab24b614c7a0db4308c700ffb0a30df9b6105,MASKED-5378,XXXXXXXX2395,1984-01-21
P1394,Sara,Das,70,F,3ca404f50767e5086e1a69d26f80d74bc25aed89bfbde893a8aa39167b8fcb49,MASKED-6358,XXXXXXXX6674,1956-03-17
P1395,Riya,Iyer,15,F,5ff25772a563a8de3781996bc88b610a571f91af0d146026a33f7b079b68abd7,MASKED-8282,XXXXXXXX6945,2011-05-09
P1396,Vivaan,Mishra,54,F,7a8700cf0979aa1f54227a37e20130005aa4d03fd04eea4e480281bfa749f5c9,MASKED-5747,XXXXXXXX2580,1972-11-01
P1397,Ishaan,Patel,60,M,fa3f10fc9144d62b2d877779ff5eb6240dc7b08e21c59f85ddbb7f0a39a8b2ec,MASKED-5005,XXXXXXXX3009,1966-02-02
P1398,Krishna,Khan,8,F,005022bddde4528d7445c0907554d5ddb2a2c8540751e598cc248a52fabe0bad,MASKED-4714,XXXXXXXX1244,2018-08-22
P1399,Ananya,Das,53,F,aceee63768b20fbd38e46ac4cca1e331058e27bcc7dceb5a1cbeeb7add185404,MASKED-4585,XXXXXXXX6504,1973-05-06
P1400,Shaurya,Agarwal,60,M,29c66918a04191baf56e1e7599cb7056bb9f49b247724f045a54ca56dfc4cc96,MASKED-2241,XXXXXXXX6391,1966-08-23
P1401,Sai,Mehta,5,F,de6c935b48ffd56e42007be6a981f7bcb7ef8802463bcc5448b9d07e7d649342,MASKED-1602,XXXXXXXX0064,2021-03-23
P1402,Riya,Khan,68,F,bfbb6cca64f6193939058368a049cd22fcc98b9d4573461869df27903b86535e,MASKED-5275,XXXXXXXX3067,1958-02-19
P1403,Myra,Ghosh,6,M,2a34eafadcaf36ba908f93b40f55a411ec7db0274591ed1ebe1c09f00e43467c,MASKED-8166,XXXXXXXX7432,2020-09-02
P1404,Muhammad,Kulkarni,47,M,93242189f67b7682fe10f89053729e8d4ee616ab822c0481bbb26b9c206f73cf,MASKED-9585,XXXXXXXX0309,1979-04-16
P1405,Aditya,Reddy,55,M,aaeffbe002300e91896a70af10d4726d199e6a18195874fc8e8e52d1ad53a90a,MASKED-7200,XXXXXXXX0506,1971-02-07
P1406,Kavya,Verma,40,F,9de3cac3f3543199fea02055e37f29cdf5ba55fdeb3f7c70be4f427ae2772dbc,MASKED-0516,XXXXXXXX0790,1986-04-23
P1407,Shaurya,Kulkarni,52,F,d8a35a427aaa7ec9c76f860ad0d45bfe1af3d48ab98ccf578829b7b73ebf4d08,MASKED-0962,XXXXXXXX1179,1974-10-08
P1408,Diya, Mishra,16,F,de6b7066c1feead6911ed7750e8383c1a0fa0189d757a99074635df5ac2248ff,MASKED-1077,XXXXXXXX3092,2010-06-03
P1409,Aadhya,Singh,13,M,145015b0217e4ce0a893000e4fa1179e15d9081c229dde8a81e30f4d1abcc818,MASKED-5269,XXXXXXXX1456,2013-01-18
P1410,Sai,Pillai,30,M,b8e0d1601a73e76cb8b26c6cbb1f104d4aacb40646941dfa3429d1a9042e29ac,MASKED-3057,XXXXXXXX3403,1996-02-26
P1411,Vivaan,Gupta,19,F,be4c8a1d1ccdce8339dd6b088a1512f0b2cf48891123ffd77a00b8d60a9f13a0,MASKED-2492,XXXXXXXX4597,2007-01-04
P1412,Riya,Iyer,17,F,cd301f4095d0681bd288465211f8a2795dc281ae25c11ba9126beb2c42e4da77,MASKED-0183,XXXXXXXX9563,2009-12-22
P1413,Shaurya, Mehta,63,M,a4b5de451a9f27f66b80a0a7b73f0a6364e903cf7a1a45f61c70ebb4643c13f1,MASKED-8338,XXXXXXXX3179,1963-08-02
P1414,Muhammad,Singh,19,M,544638a39e60e4170168b316d4040f9c798090c48e8c40442c0dcccad461f006,MASKED-6420,XXXXXXXX4929,2007-03-19
P1415,Aadhya,Banerjee,58,M,61a549305b31b75687a16b646a3374db02ed882ed8813ad2c916e8449a640fc4,MASKED-1105,XXXXXXXX0633,1968-06-14
P1416,Reyansh,Iyer,55,M,bfa46ec5fb166fa52280b01af8cf8f2978e8f18804c3e98a648c99464cff987a,MASKED-9949,XXXXXXXX0686,1971-08-26
P1417,Reyansh,Chatterjee,62,F,a56c82adcaf58d7fc810a0a24fbc6d9cd014203ddbf9e82556f4c0523622d286,MASKED-8267,XXXXXXXX4310,1964-08-22
P1418,Diya,Khan,23,M,63819a59e5d345d8538eef632d2f92477bc1a8b7a46618b0d99abaaa90ad74c6,MASKED-7444,XXXXXXXX2570,2003-11-03
P1419,Krishna,Iyer,9,F,88b3057405d198511524be068e17fc71f132a2526806cb57ec7e4cb3fdf2ffc6,MASKED-1366,XXXXXXXX1950,2017-09-22
P1420,Diya,Pillai,12,F,7cb24598ebf2389a458f0b512b931ca9f1f09620356ae432472477814f2ff01b,MASKED-9420,XXXXXXXX8183,2014-03-11
P1421,Ira,Naidu,1,F,6e18716da8bdbcd98c0961091415a7f3de38c05071a432354a510041e14c26d0,MASKED-9673,XXXXXXXX6401,2025-06-12
P1422,Shaurya,Gupta,58,M,cfebb67f244187ed67c6ccd745d5283968690f79c156fa85487a5470df5f3a8c,MASKED-7940,XXXXXXXX5137,1968-02-03
P1423,Aditya,Gupta,1,M,eecfaf3b5d7de0da2436049c6c8b5050cbb8f05143ec3e0a46c6da8a6f52c252,MASKED-7808,XXXXXXXX3804,2025-07-22
P1424,Ananya,Nair,34,M,8c5f5cda553b9e21618f4796fc5f654e2b165aece007794e1a22bf7ca65d2fd9,MASKED-1530,XXXXXXXX3856,1992-10-11
P1425,Aarav,Gupta,48,M,70698605529da2435e3dc2b854bacc5998a40e774f514ebad6c303e196b25585,MASKED-2501,XXXXXXXX2437,1978-06-10
P1426,Shaurya,Iyer,89,F,e47fa6bbe33e6d4c474af0cbb906feb3d865038c83a298c74438574ea0d5dcc4,MASKED-0679,XXXXXXXX2223,1937-02-02
P1427,Ira,Banerjee,1,M,8569c18e482d439937ff9195aab944cb02befd9922661627e5580ebfaab889be,MASKED-0575,XXXXXXXX2578,2025-03-18
P1428,Ishaan,Mishra,16,M,26342d70c19d45853702e0bc643200702fafd4dc3ad21a5fef4bc62b3580df94,MASKED-3237,XXXXXXXX8547,2010-05-25
P1429,Aadhya,Pillai,61,F,93d3f79cdde565de2e27c8b976eddd49b8ee97b291b06520e3a77efbb5d3fbe2,MASKED-8383,XXXXXXXX1406,1965-10-27
P1430,Anika,Sharma,64,M,d47c9deeb0e2bccbbf189789b53b46077c3ed6369b40a6945d243d62fa069cd7,MASKED-8402,XXXXXXXX4301,1962-09-28
P1431,Ishaan,Patel,63,F,42d8602c763faf8913816ff4ee79e7e68bc2317337ae5a145b7fed9efc11b515,MASKED-7664,XXXXXXXX5626,1963-06-13
P1432,Sai,Chatterjee,69,F,f8782e410bde2484adbb46d69794bd7228c38352af10a2d99d55607933e189e9,MASKED-1007,XXXXXXXX6742,1957-12-14
P1433,Reyansh,Naidu,22,F,dbb978f154b49e1e8f641ce9f6bfe3402b14e553394606edce528274b7bd633a,MASKED-3679,XXXXXXXX5196,2004-02-01
P1434,Kavya,Reddy,67,F,fc63a6ce6ad4a13396a73244dc6d2bd40e54569a0e5ad7401f07e20ac358c3ba,MASKED-1036,XXXXXXXX4870,1959-05-27
P1435,Aditya,Pillai,76,F,b3d1f70cd496733fef01d07029385de08412449eeda038340512a29fa1fb2458,MASKED-6354,XXXXXXXX7146,1950-03-16
P1436,Myra,Reddy,26,F,794a143bda76977ac1b07b6506a7e146cb07d3edd793103946d4aab8deb670eb,MASKED-6091,XXXXXXXX6471,2000-06-17
P1437,Krishna,Joshi,16,F,ad7cc1eba4e6c2d741e5a3f68ca2515d156aaf279dfd8530c36f39761629c8f0,MASKED-5934,XXXXXXXX2045,2010-07-21
P1438,Reyansh,Banerjee,51,F,7b0b98e56f5bb2cff2db58c7b24ca82d1cd4931134c6993e7b0ba56eb7f95339,MASKED-0727,XXXXXXXX2855,1975-11-26
P1439,Aditya,Khan,86,M,dfa55acb245c647f481bb6dd994e778d446b3bb5ce53b2473557d0a7faccba33,MASKED-9586,XXXXXXXX8457,1940-07-11
P1440,Reyansh,Chatterjee,57,M,0a03b0e05f72047a1573e212435c4963a841522c0804160ae9ab0c251703be74,MASKED-2807,XXXXXXXX8167,1969-02-04
P1441,Arjun,Khan,29,M,a6a4759d20c92bc8a3068292fab43fcc87d33cad29fbb3e9fdc63be4f484c344,MASKED-8782,XXXXXXXX2401,1997-04-05
P1442,Aadhya,Nair,78,M,565f2e904ad512d4feacdbd2d420424102ceb9dd04b215ac6c1b450647cf9b2e,MASKED-8648,XXXXXXXX7603,1948-02-02
P1443,Sai,Naidu,69,F,574b8ac28c8affc516f9fe1bd688554ab156cb085932c7ed0a7f4b6c8ebe5ec8,MASKED-3335,XXXXXXXX9393,1957-03-22
P1444,Sai,Gupta,47,M,4343c29a0b52dc343a9567ac8befcd87bdb6bf0ab619cb98d6845ce1aa7c534f,MASKED-3548,XXXXXXXX3891,1979-02-27
P1445,Diya,Naidu,62,F,905b3c2c13606fdf63d1a04aa570cfbfb0fd21178d4e05f3feb1ffe2a4e6ba70,MASKED-6278,XXXXXXXX8759,1964-03-15
P1446,Ishaan,Pillai,69,M,4fc337a2d99bcd0964a229e03bf08f9a93e701c3922f938a6d66edc0d308b10a,MASKED-7562,XXXXXXXX5171,1957-09-05
P1447,Ananya,Mishra,76,M,cbc16dd88011cda08affd608dcc548a00e1de0e58554456503f2d60e3738aa4b,MASKED-9057,XXXXXXXX4794,1950-11-27
P1448,Diya,Joshi,16,M,bbd90e5a86f81aa7329182cfb2d1d66ac1bcaf08b14a953605181545293813a6,MASKED-2662,XXXXXXXX0716,2010-08-17
P1449,Diya,Sharma,48,F,116ef0c90c71c36c7739b6dd20d45b1fb256be350f0b1daf59c57c639bcf8b67,MASKED-9747,XXXXXXXX5396,1978-02-08
P1450,Riya,Khan,85,M,65b9ab7a0f40334ac47e391d16326fc0ef74eb35a5c4de4b7e5520dcdd19b5b6,MASKED-6778,XXXXXXXX7842,1941-08-04
P1451,Arjun,Iyer,39,F,fe90f6d7b5016a0675bc5916dbb1464961ed2052d0e799fdb3264707d8ee196c,MASKED-6306,XXXXXXXX0269,1987-11-11
P1452,Aadhya,Naidu,33,F,fb28996bd0334633bbab07a85e48bd4db52b275c4ae149545958669ebaa28379,MASKED-1721,XXXXXXXX7784,1993-09-11
P1453,Diya,Iyer,23,M,f57f60a2c93470921170b2ca128f50f6851df489a33e5d97850b8544f8247a0a,MASKED-1073,XXXXXXXX7002,2003-09-22
P1454,Vivaan,Ghosh,10,M,19fd127e44d2b70e2f4869571046c1e032f3beea541d2fd7d06008aa28fb4211,MASKED-2211,XXXXXXXX8897,2016-08-18
P1455,Ira,Iyer,69,M,2e37728c3afc6c1314a80077df51d2bd3016865b767e2efbdfdfda0c151f9dfc,MASKED-6255,XXXXXXXX0090,1957-03-27
P1456,Arjun,Verma,34,F,25d72f6f15bc28248e8756a599436a1242fb95e7ba33f0fbf4cf037e5ded1bee,MASKED-1370,XXXXXXXX6503,1992-04-08
P1457,Arjun,Mishra,52,M,31caeb62bca56a4070759e32003d601062906dd80dc12a6b324b11a712c140ec,MASKED-4998,XXXXXXXX0769,1974-09-14
P1458,Vivaan,Khan,10,F,7e992c286641ee421ef5fcf7bb23047836d59d1983c11f0c8e7dff93aba46ee5,MASKED-9721,XXXXXXXX9171,2016-12-22
P1459,Krishna,Joshi,19,F,6a8921b8a393a8eac511edbe230bb03dc665e7682c5b2444073c1d01b096778f,MASKED-1273,XXXXXXXX7183,2007-05-09
P1460,Kavya,Pillai,58,M,ed9390149272b2df6c4754479d0e9af34727f3b97b8fe5c180ea5c33cffc825e,MASKED-3155,XXXXXXXX4198,1968-08-14
P1461,Reyansh,Verma,1,M,dea670235fd89263453b6d3c68fa2ba0575bc43799073112602faf3e6ad079ce,MASKED-4560,XXXXXXXX6649,2025-09-15
P1462,Reyansh,Kulkarni,69,F,344718ac347292296b908ccd5aec85f563569507aa01653f1c99e8bef13c1dd9,MASKED-5163,XXXXXXXX9690,1957-09-07
P1463,Vivaan,Gupta,4,F,90daed352c9de9583233ad166a04c18aa8f7e475c3133ae5adac52732d51599f,MASKED-8580,XXXXXXXX6442,2022-05-22
P1464,Sai,Iyer,16,F,ae158b61dd8febabbf9781ae31feb278173fc506c02c1baceee9027675aa36b8,MASKED-5238,XXXXXXXX7866,2010-11-02
P1465,Vivaan,Chatterjee,24,M,880617a55748974710fff04967c371c236645246839be35ca01e8046b1d827a9,MASKED-2240,XXXXXXXX0015,2002-10-10
P1466,Aditya,Reddy,80,F,181d2913716d1718d0bc2a9bc89e3cf730edbdcd8124cc394aa683d6429a0722,MASKED-4548,XXXXXXXX8984,1946-08-03
P1467,Ishaan,Sharma,2,M,0fb64e44446c13e30e5590c70d8e82737da808794d3a0273f37ddcf67d56874a,MASKED-7388,XXXXXXXX1234,2024-08-14
P1468,Muhammad,Naidu,32,F,73081cb30e202731385f9def8a9b60e7c03bddd574ff20a0057ca8ba2d639064,MASKED-8516,XXXXXXXX4257,1994-12-12
P1469,Aadhya,Reddy,84,F,7af3c0919f0ca33c93fed237894ac8403888cf1e4570a45310496b8b840cf2d0,MASKED-0377,XXXXXXXX5183,1942-08-13
P1470,Myra,Kulkarni,24,M,2be47ca88e7fa278034abc5dfe81796320f76f7edb4a0c421683d76b84dc9a3f,MASKED-7372,XXXXXXXX9857,2002-12-01
P1471,Anika,Iyer,12,F,dd7a18f88202fcad08e7adede2141fcbb522a63ad7c9db3b9de0fcd719e23308,MASKED-5216,XXXXXXXX1123,2014-09-23
P1472,Aditya,Singh,50,M,385e011a3ca3de4e600791458f56a7760b9dedccb8dbcba020fa08af3b583be5,MASKED-3177,XXXXXXXX4316,1976-06-06
P1473,Vivaan,Singh,35,M,824c5224867c1f60d1bbd608d8b887a13041abd3a9021d924dc9bff6e90be2fd,MASKED-9807,XXXXXXXX7342,1991-01-13
P1474,Shaurya,Sharma,33,F,13db90f224ad86e897fa058dd779ef076aa39366a888779d8967175d8072011c,MASKED-6787,XXXXXXXX8677,1993-02-08
P1475,Saanvi,Banerjee,33,M,8223ba91364e2297d8cc078b576a4a90a277e0b21e9cbd733ea781723a028294,MASKED-4943,XXXXXXXX3436,1993-03-14
P1476,Vivaan,Mehta,61,M,49409c9d6415906f47277260e0ebbdb3ec05c68aae8986bb18891b042f86149e,MASKED-2314,XXXXXXXX1072,1965-06-23
P1477,Kavya,Mishra,51,F,133de52885f54a97f94969bb68f07b1405774d4817f72e75703bb95c57efaa57,MASKED-8642,XXXXXXXX0537,1975-06-20
P1478,Myra,Kulkarni,43,M,4f28c72b2e19438a34d3ad30e64daca3e367df2d12ca5ba63ba328e61fc1455f,MASKED-6315,XXXXXXXX8092,1983-05-06
P1479,Shaurya,Pillai,12,M,a00abd518ed4051d54585c1d69c2cf9ce158a65607969775e503e99142682b16,MASKED-8244,XXXXXXXX1502,2014-08-28
P1480,Diya,Singh,67,M,9f903ed94c47c0a5a401281451b798f75dfb6567d583ba3e85eb324108490e79,MASKED-1350,XXXXXXXX5728,1959-11-21
P1481,Ira,Khan,65,F,1761aa88c4863ed4a3c8815f2388c5c0c4f37ab423c36ce51acc09599f15699c,MASKED-1261,XXXXXXXX7617,1961-01-15
P1482,Saanvi,Singh,33,M,eb7ae8ff5fece6a8ed39eb2fece9c9e36ec15b3be7b24dc824f2b6cf4bf9a9a3,MASKED-5743,XXXXXXXX2284,1993-10-22
P1483,Arjun,Das,40,F,ab4ee0badc99ee5c16c37eb41afd86490a9edca7caf0552dfd8e886d972013c8,MASKED-9237,XXXXXXXX1504,1986-11-22
P1484,Kavya,Mishra,74,F,dd3d6a1718b0d431dff50094145065f8d3a91e865ce090bda4d15ec539bd5f97,MASKED-5178,XXXXXXXX7490,1952-06-02
P1485,Sai,Nair,43,M,9452baf10b998ca8d12cc23dfb27ea19733f33a989ecc1832e81b22eb79bc86b,MASKED-5327,XXXXXXXX8961,1983-07-09
P1486,Vivaan,Singh,44,M,0c19961162004d0239dd91a9f7f3826d7c3fe586e3de82a20b4f6da2f8325a80,MASKED-3397,XXXXXXXX2147,1982-07-24
P1487,Ira,Banerjee,29,M,afd173c4b47a86eee8795ba29aaff240337c1ebcf6189ed2d51a2217eb46053a,MASKED-0835,XXXXXXXX4996,1997-02-25
P1488,Aditya,Verma,13,F,ae96a35c455cfab5fb1cdb29fcad4af74632021e4ab31fd88ca8942307c9d326,MASKED-5517,XXXXXXXX3278,2013-11-21
P1489,Ishaan,Mehta,12,M,fcd3f24a7f80ccf5badea89656329a2ee670352879ded4f807e2c1dc59449b7e,MASKED-9994,XXXXXXXX3864,2014-10-02
P1490,Ishaan,Gupta,46,M,872d5f3e5af1e669beebe9fd1d067daf212c6fbd05d30e8d140b8aaa0059b60b,MASKED-0285,XXXXXXXX4549,1980-02-25
P1491,Shaurya,Khan,2,M,680a81453b03b09a406450855a9d9be19262cccf4e725eecc7f57aa21d385835,MASKED-7296,XXXXXXXX5977,2024-10-26
P1492,Myra,Agarwal,35,M,f4fdf915c612b30939879d93df4ca870cf88fc0e748c10d371b722ac9500deb0,MASKED-7332,XXXXXXXX8006,1991-02-01
P1493,Shaurya,Pillai,87,M,a55b8bbaf6e15f55419ec19a4b7d4dd0e596d4acb1cb79870c7014343564dca1,MASKED-6279,XXXXXXXX4122,1939-01-07
P1494,Krishna,Chatterjee,81,F,560a5e6edb9657ffc99b99842e6b12d31236a2ea5a04c34fc2830a67a8e5182b,MASKED-9140,XXXXXXXX3147,1945-03-16
P1495,Arjun,Nair,8,F,554ea6a4767ff4a49f7ec01f1603b93db9197c715ff8356aa3e80fdeb8538a59,MASKED-6707,XXXXXXXX3349,2018-07-02
P1496,Shaurya,Verma,26,M,59cc0a177dea02fa63df65afbc7e66ae46f9a1080bd8c589d08a6ab2a787848c,MASKED-4112,XXXXXXXX7678,2000-10-24
P1497,Ishaan,Naidu,74,M,4a1180a1d309e213ce16c1b0744c041bcd356baf257a7fd2db95dcf6dc3594d6,MASKED-6937,XXXXXXXX4671,1952-08-20
P1498,Riya,Singh,34,M,010a63f776c0f24e7137b76e7695a65b7e0e2d4db2636a860722be6c5280098e,MASKED-0428,XXXXXXXX3839,1992-11-11
P1499,Myra,Gupta,7,M,7a4ebe48a7f3abef68055748eb24c324c9c7a5e4dd2c5348b78229da9f2ab911,MASKED-0436,XXXXXXXX4172,2019-03-07
P1500,Ananya,Sharma,68,F,80c9473f4a839b0f2f696da0b7041a705d685b4ac746b76a1bbaf2d9de314b94,MASKED-4550,XXXXXXXX5452,1958-03-27
P1501,Sai,Joshi,58,M,d1081dab571e0af9bfbb025ef94fa2a4b4cd40d34cd59ee735b7e049df5d2433,MASKED-1592,XXXXXXXX3745,1968-06-25
P1502,Vivaan,Pillai,75,F,3f51720e0f8582caa10a9d3b420035b0ab8f79c1d91a8160274db7ba754d7546,MASKED-6542,XXXXXXXX9918,1951-01-17
P1503,Riya,Verma,29,F,be97b9a9fd8435abeace17cd2262af65b34974ebd421c057157e380640582edc,MASKED-8019,XXXXXXXX1255,1997-03-04
P1504,Riya,Ghosh,36,M,dc4628571693e380942af2054964560adc8ec4bb7adcb977e510c7b7643eaca0,MASKED-7987,XXXXXXXX4565,1990-11-22
P1505,Myra,Mehta,89,F,6801186228365ca2e5781fa9270d7ba836e2a41a2bd2784d3f6c4b9ead00f0af,MASKED-9062,XXXXXXXX8507,1937-03-25
P1506,Diya,Ghosh,21,F,66a501c4cff8c4e5e1dbcb2e9d3289eb0b2aaa5d1c6ba9804aa1daa9a6c601cf,MASKED-9915,XXXXXXXX2908,2005-05-14
P1507,Ananya,Khan,36,F,c48d6598284d43d20e3daf436ed312a6daed27843933acd5970680693d8420cd,MASKED-9532,XXXXXXXX7389,1990-10-21
P1508,Shaurya,Reddy,10,F,407fc54e0cdf4c1f5f373a5cd4b3703f6b8dd466c8cbc4b0c696bfceef3f63f2,MASKED-6978,XXXXXXXX2884,2016-04-03
P1509,Ananya,Banerjee,73,M,babd5f7d9c44d157145b80ecde36a6cb32cc4517db0ce7cc7173200e315b8478,MASKED-0124,XXXXXXXX4681,1953-12-02
P1510,Diya,Chatterjee,24,M,31ce4000300b2b7261a0e9cd4ebb383216a59f2c95e8f85e4c2591c1339f7990,MASKED-4887,XXXXXXXX0753,2002-12-19
P1511,Ishaan,Joshi,64,F,b75e7f3b3a1725b5e5e7d4ffa52b36e2b1ff2dbe2c7dd43d3bca12be2abdfa41,MASKED-1636,XXXXXXXX5893,1962-06-15
P1512,Reyansh,Nair,49,M,b191cfc9638ce4d0682f85ea883953ce7c81bc660a82cb3add8e5b9658b66d64,MASKED-8082,XXXXXXXX3715,1977-11-17
P1513,Myra,Kulkarni,36,M,5ac68283feb3321b3b824897418d9b4abb331ec8198a9793c4b9e5d4bd4462a9,MASKED-8961,XXXXXXXX8277,1990-03-23
P1514,Aditya,Kulkarni,82,M,b5b9cb267e7d4a23f45b454401b37b5c19a1cbcc5ee86c1212b6b8e4fc202d4a,MASKED-2242,XXXXXXXX9611,1944-06-19
P1515,Ishaan,Iyer,24,M,9f82662a058e1e0a2b715e380a5b0d38d9eddb33e589edff4aed35bd30cfd0dc,MASKED-8067,XXXXXXXX0229,2002-07-02
P1516,Reyansh,Banerjee,23,M,c9346609525c7cd57db7b52f2338dc91ab65148fe7c0c26167d44f4bb8fccbfe,MASKED-8831,XXXXXXXX6794,2003-10-15
P1517,Arjun,Verma,62,F,b53101feb4ad99efe8f2e9e82cf8f597e18731a2a924c28a730469f1d0bd2814,MASKED-1691,XXXXXXXX5199,1964-07-13
P1518,Ira,Kulkarni,37,M,dd6c5d199224761562de629c712a9a058ca2dfe645d486d0be1a2aa2509814f4,MASKED-6201,XXXXXXXX4818,1989-02-07
P1519,Aditya,Verma,12,M,f2dfe7ed886abe8f7fd5dc696f9eed69d1fd79673a452c83d57fc473432dbe37,MASKED-5241,XXXXXXXX0433,2014-12-27
P1520,Ira,Khan,55,M,887b4c85ba87e3f6693476b4336975567cd96c7fefbbea459f217a4ef55987fd,MASKED-0036,XXXXXXXX5626,1971-01-28
P1521,Krishna,Verma,13,M,7fe1c55211cc4b998b077f8881d13516ec2f447c1e788a25be24e6c91132cbc3,MASKED-1168,XXXXXXXX2412,2013-05-14
P1522,Reyansh,Singh,23,F,fec3d6307b2710163366dcb195695fb650833c7385923ce8600fd30b601bf74f,MASKED-7964,XXXXXXXX2654,2003-07-27
P1523,Krishna,Verma,89,F,c8f778ac4fe3edcd12b5dd2102439d5cd67407a1ac831861937985e806e84d0a,MASKED-6560,XXXXXXXX1405,1937-08-18
P1524,Kavya,Banerjee,30,F,bb603fba4e339eafcd36bbf562ade4ee0888e4e135fecd8f1c378daf0dba6f3e,MASKED-5201,XXXXXXXX3824,1996-10-14
P1525,Kavya,Ghosh,17,F,163a4ee76c8af624272349e4408f867432920b3207afc57c88080da33c822cb4,MASKED-3973,XXXXXXXX6870,2009-01-27
P1526,Saanvi,Singh,62,M,56c65b8d8a75ca37e25e1d400139e8b9eabc952b518de9cdad9db6416ae39eb5,MASKED-6599,XXXXXXXX5398,1964-05-02
P1527,Ananya,Mehta,84,F,2281f7ae28a8a2f8c248bf80fcbe133bb0e75425d543912e8d8332b49a2fe699,MASKED-7973,XXXXXXXX9855,1942-11-09
P1528,Diya,Sharma,89,M,e6233c816ab18f1efe400a6ddb690c9d233afe2f1e71dd196471a79281e69c2b,MASKED-3487,XXXXXXXX0970,1937-01-22
P1529,Kavya,Singh,86,M,a6d1696c02d1625f0161c5c15bafe43f46ba04ff3c80313d3482d0ee622a66bc,MASKED-5664,XXXXXXXX1569,1940-06-13
P1530,Riya,Patel,13,M,e7d16a3039bbed428d97c6475374a51cb4e3062140b4517fe368b3c185331221,MASKED-4179,XXXXXXXX5319,2013-11-10
P1531,Reyansh,Sharma,59,M,2bb59ef1e1c4f7a739ef504419531ce2313240339aa22565afcc894407d702f8,MASKED-3017,XXXXXXXX6149,1967-09-16
P1532,Diya,Banerjee,19,M,add75be3ebd25947494153b318517af6e4a198e7a64b2c780ff296bc1362f3ac,MASKED-6105,XXXXXXXX2493,2007-09-24
P1533,Aditya,Verma,49,F,37d8a4b00ff699f9b93a73dce91347b0df0300dc21f757899193509945ca432b,MASKED-4104,XXXXXXXX0566,1977-05-04
P1534,Ananya,Pillai,12,F,3bfed94931d982cf96698352d6bdd76f5a471525fe9f8ae634d435978615d411,MASKED-9301,XXXXXXXX7506,2014-04-11
P1535,Arjun,Pillai,61,F,2eb2d4ace95e7e364597cc5fe6bd2a9865e99be826c6a9589050a5a824d0907b,MASKED-4663,XXXXXXXX1107,1965-07-26
P1536,Riya,Nair,19,F,5740999c21425018b30e606315f5b9b59efd4d1605d93917317bf683b305e7bd,MASKED-5123,XXXXXXXX3199,2007-08-25
P1537,Reyansh,Joshi,76,M,80444c2c5264d085c70d821939ce0334fed51fff4d3439e1369f176091e8d6d7,MASKED-6156,XXXXXXXX0704,1950-10-21
P1538,Aditya,Mehta,9,F,385da9dfb4c16f917cb8e1ccaa354d90dca573b70dc3c17acff75acfe49cd789,MASKED-6534,XXXXXXXX6399,2017-01-15
P1539,Anika,Nair,71,M,4cb3a18296f109283686e63d288839b8cf694935fbbb3549c05076775a8824d1,MASKED-1568,XXXXXXXX5931,1955-02-01
P1540,Kavya,Khan,28,F,2a605878127450990f0707dc0d39e088fc0977fe344f4c073d09e18834837fb1,MASKED-7029,XXXXXXXX9723,1998-03-26
P1541,Sai,Banerjee,78,M,e5873fea4dd1097b0c5edf45e86b173c482268ac6cd13e4a2e5a50ca95d5ff4e,MASKED-6167,XXXXXXXX2274,1948-10-11
P1542,Sai, Kulkarni,52,M,672339dfc57b83ac5e16c47bcd1b51b9f2f6b23d6de44be95c15d1fc8f79f39f,MASKED-7810,XXXXXXXX6533,1974-11-07
P1543,Saanvi,Naidu,83,F,16dfac30e7ab1c39df1ff5c17ed471dbe8c49ddea1c1623d1b3bca22860ab7cc,MASKED-5271,XXXXXXXX5636,1943-03-27
P1544,Vivaan,Naidu,16,M,7b49f957081d9a2ee30550ccc41a412d3c2907826b559d2c86335a64e0ea58a9,MASKED-1558,XXXXXXXX3950,2010-01-07
P1545,Saanvi,Reddy,69,M,eb02cbe431a479dfe8f28443a9b87fe164cc1ed6460b5f1d18de135de13e8110,MASKED-8502,XXXXXXXX0241,1957-01-27
P1546,Aadhya,Kulkarni,12,F,bcdd571af2ae4e426fcd6bff804af50d9bdabb226eb00cf0df914e1472898cfe,MASKED-0442,XXXXXXXX2896,2014-12-03
P1547,Anika,Iyer,25,M,4628ba9bd203e87c8f374071001482f8d22c8b82084f2f84e57d51e28c380244,MASKED-9719,XXXXXXXX3099,2001-04-28
P1548,Saanvi,Nair,52,F,11b93da46fe667da541eed0b92bc3adb3dec4066435e1d587e25eae683bed03c,MASKED-3439,XXXXXXXX7317,1974-11-20
P1549,Vivaan,Banerjee,85,F,69eda91c2a7550b2bb01cd3f579a3d54b3e7e7b7e725ccbc61ed3de7e8827053,MASKED-9914,XXXXXXXX5877,1941-08-09
P1550,Ira,Agarwal,53,F,bc16edb67cb2db586868383e521b5c6fa9f6e6c3126488a75df061f3b2804268,MASKED-0666,XXXXXXXX3466,1973-10-06
P1551,Arjun,Agarwal,23,M,48d8199f07647b9f6c464f8d4c8e91f5f17d4f54bfbe8e8fb608b28a7d42135e,MASKED-0686,XXXXXXXX9078,2003-10-11
P1552,Ananya,Patel,16,M,cd5eebaa7b2f361e581ac3c9f7f82994504c9e8444c5be1f1fefa622f703aeac,MASKED-9048,XXXXXXXX2734,2010-11-03
P1553,Anika,Khan,57,M,63d76ecf60856d4ec09faa3897fbf4879f7d43ecd46ba41d40a76af3f852b678,MASKED-6101,XXXXXXXX1508,1969-04-11
P1554,Diya,Mishra,39,F,23b7a2fb6b1aeda579095b448d6a2da4f7e51411cdf24bd413e5e1d62db7781e,MASKED-0847,XXXXXXXX4456,1987-07-27
P1555,Saanvi,Joshi,53,M,11cafee86c5eba8498af506d0a9943d2afc36a4ab18fc80b50bbb4df0bd4402c,MASKED-0427,XXXXXXXX8987,1973-12-27
P1556,Myra,Ghosh,42,F,8696bad2a10d62cd9d08cc8c2e9775a904ea41641e269c3620b709d9f968ec31,MASKED-2143,XXXXXXXX8052,1984-10-28
P1557,Anika,Kulkarni,58,F,e36ea6a9d9f9c3d34440e6e9350d432a6b8f83b7efe65643cc77c70bc8d14d65,MASKED-2155,XXXXXXXX8459,1968-01-19
P1558,Diya,Joshi,39,M,c36233365a4cf36373b84545cc0b176c38ef2c92aeef71cb17633771889f5be1,MASKED-4710,XXXXXXXX6186,1987-04-16
P1559,Aditya,Khan,14,F,f61689d9f2759a0730f0bfebbfd7128e18299ede025e748075255d80b54f31e0,MASKED-2082,XXXXXXXX9702,2012-04-03
P1560,Muhammad,Joshi,5,M,35dcd6c00a4552ecdeaa5af1b9617c9d814f1fe81bc7162bfc8e3bddd5965837,MASKED-5169,XXXXXXXX0256,2021-07-06
P1561,Aditya,Nair,35,M,264cc632ea50d01ebab9ea0961449c23bc1208c44b97a95b5cd119bb2a5bc741,MASKED-2047,XXXXXXXX6729,1991-10-10
P1562,Diya,Kulkarni,87,M,5d595ff7917f65a7703cad48ec752197f0cb5cc2e9d73269d9fc7d5733cf7ee2,MASKED-8440,XXXXXXXX9385,1939-10-16
P1563,Aarav,Pillai,75,M,e6535e168090c196d71fbc3d641a1cee8040f51c132e36b5670b157b8bf91a2a,MASKED-7836,XXXXXXXX2632,1951-10-24
P1564,Saanvi,Chatterjee,18,M,5373b01980bad8159b9aefe194a670ef1fddde0a019807fc6759d982876f1676,MASKED-0888,XXXXXXXX8413,2008-08-14
P1565,Vivaan,Naidu,76,F,5958d54e7762ae33fb5733d9c644709c5cbd687ea892c1bff3f0977fefabf2da,MASKED-3044,XXXXXXXX3807,1950-01-03
P1566,Vivaan,Singh,9,F,f4bdf6056f881dc47688318d6d4e9396935ae84a6ae8f8e3524d3f47508cbd2a,MASKED-9657,XXXXXXXX5777,2017-02-03
P1567,Sara,Mehta,74,F,6f192cdf8dc0bffed07a199bb363f24bce1c328611a0fab376008c68d1b3e377,MASKED-2339,XXXXXXXX1241,1952-09-24
P1568,Shaurya,Iyer,58,M,ccce2b3c0e66eb11a39de58fbb1543bdd03c21d5eaa05c4ccd85c6468a835ef4,MASKED-6581,XXXXXXXX8370,1968-11-26
P1569,Muhammad,Nair,17,M,a915416101eeaa2c8894edcfa6d9692e0ab5fac3a0387919eb83a7fb5eb92964,MASKED-3299,XXXXXXXX3533,2009-02-01
P1570,Ananya,Reddy,7,M,8025de7d093213800d2cf9a45b3ce94852176c4491d00006290176da6b5e6f33,MASKED-3640,XXXXXXXX6815,2019-06-18
P1571,Diya,Joshi,46,F,2294dcd8b8eb2c6776e510fc6b06368b9df05a031fa6e5fd1f3a305b3af71d4a,MASKED-8793,XXXXXXXX2065,1980-01-13
P1572,Sara,Banerjee,13,M,ddef24b2ddbec16de712cd9c5ff8cf82e38f4d71c297298a1e2ba94b5ec3e63d,MASKED-6489,XXXXXXXX4971,2013-12-18
P1573,Ishaan,Singh,40,F,ff52f7479c6c0be3ade02cd42bb92ee955ad5717738bedac7865323161daa8d1,MASKED-8677,XXXXXXXX7150,1986-10-19
P1574,Shaurya,Mehta,42,F,df0f4ed68f597b83fb172c9712d43cb3ab19528171c31d5125ad3e69c751fb68,MASKED-0142,XXXXXXXX4363,1984-10-03
P1575,Ananya,Mishra,9,M,a155c0c4889b24ddff731f5315d50819f92edea96ac7869011495f0811f99abf,MASKED-1680,XXXXXXXX9752,2017-05-11
P1576,Ira,Naidu,50,M,85e3077ea791a109c31ec3583f371fe03d1c83c6f1a1f1e90a1b1f89b158a310,MASKED-4545,XXXXXXXX0339,1976-07-17
P1577,Shaurya,Joshi,27,F,14f5fc8056613a2b1d6315fdcba7350b0987c23aa10e54d2b505c55ca4561698,MASKED-1389,XXXXXXXX2129,1999-09-27
P1578,Shaurya,Singh,66,M,3cf206cab38b4d92fc0811d34c19355a02fb51d3ee88a640722a032ca37de7ed,MASKED-2967,XXXXXXXX2934,1960-05-19
P1579,Kavya,Nair,5,F,5abb80d3abedcea3fe4d3fca9ab3238616ef37dfc52063b09e17ea27d8c88bd0,MASKED-8293,XXXXXXXX6896,2021-03-27
P1580,Krishna,Iyer,29,M,c828e3997811817c0194df7aa3d8996b7c91377e7cb0568d0b5e73a02773ddc4,MASKED-5357,XXXXXXXX2467,1997-05-15
P1581,Shaurya,Mishra,37,M,a2aba5db3263c866a8dddef2942ccd6917969ba9527f44d6a5a9fede3210367d,MASKED-5485,XXXXXXXX3008,1989-12-24
P1582,Kavya,Pillai,38,F,6222f39d502cf52b711e1b52d880135eac13cd2d3d055319a721761eaf2f83a6,MASKED-7896,XXXXXXXX6016,1988-10-06
P1583,Sara,Mishra,83,M,75f8e15baf02a430c6b188fcb41c6ebdf25ce799f3baf1152009df13cad068ac,MASKED-1636,XXXXXXXX3705,1943-11-23
P1584,Ananya,Iyer,8,F,a1274512f3e4dfc1e2c724678a6ba7632a0516d29e369ba50f55b35ffa601023,MASKED-1699,XXXXXXXX0116,2018-07-23
P1585,Saanvi,Gupta,65,M,a0eaa52d79af7db6ac5c6f0a1afc23c9b30b96fa94ce2a06b6479e4987d5bc37,MASKED-4907,XXXXXXXX6946,1961-12-28
P1586,Aditya,Banerjee,86,F,6bac77cd43885cfe9f5c63e57ef892cec1cc5c20fe7e9880df2c2399651b5858,MASKED-3341,XXXXXXXX2701,1940-02-25
P1587,Ira,Mishra,17,F,f8a22202e65d9a5ec369c70eb0554c746f0af011e6854cca2497140c6641f17e,MASKED-6783,XXXXXXXX7281,2009-08-19
P1588,Sara,Singh,71,M,187ba4c2f4afd95d87ee2646f9b15a2c7d76c4f1588bb563fe47c2d0ad29d5af,MASKED-8599,XXXXXXXX2141,1955-07-04
P1589,Shaurya,Reddy,89,F,df2fd3c0148a915d0c8e97aa46aaf583bc6d971bb202c863734dd3b6101e8a88,MASKED-2830,XXXXXXXX4090,1937-02-07
P1590,Vivaan,Naidu,45,M,baf0e198a4271089e8209c02cebe87959a5b81aa424655d2140c4054430c590f,MASKED-8085,XXXXXXXX5555,1981-04-12
P1591,Krishna,Mehta,4,M,b7cbdd0b121de3086944aacfece77f93a1efe147fe48d8939c36a23eb96db39e,MASKED-1235,XXXXXXXX0918,2022-05-23
P1592,Ananya,Reddy,36,M,728c434a57f730d2ddc8f766a671d9386f3f1ceab42edf4a5dd82ca22cfdf46a,MASKED-3343,XXXXXXXX5057,1990-04-20
P1593,Myra,Iyer,70,F,cda898abdf2e2df24d75009eba223f7a69228772b7e38ef9ca6e0f435e4996b3,MASKED-4928,XXXXXXXX9328,1956-10-26
P1594,Diya,Patel,31,F,878eb0b9ac8e224a3a19f78df7ab8458cc0111f0555fa1a9b334ff99a2a127ce,MASKED-0086,XXXXXXXX7833,1995-04-06
P1595,Reyansh,Mishra,19,M,d20df67aa3a9df9d07f38525b6b68f143ac544a920dcd4d56f0231517779cedc,MASKED-3239,XXXXXXXX1287,2007-02-26
P1596,Vivaan,Das,61,M,26d3bf0bed94560ffb62fb4a174c1625a779cb5667a86f892d049f54252fa0be,MASKED-5315,XXXXXXXX3414,1965-02-04
P1597,Kavya,Agarwal,54,F,3ee89d87e93704a26defb0e434b9b7709c9b68db1bfd3a31debe90e0f76018e5,MASKED-3026,XXXXXXXX9040,1972-10-18
P1598,Aadhya,Gupta,39,M,0fdb0c03a074ab049f9c87efe2970cd47dd6e251c08043890810f207c5246c3d,MASKED-2797,XXXXXXXX6087,1987-06-05
P1599,Ira,Nair,74,M,d559dc149d3d54731501b59f24c666602877de4f7de0cede3d4ec34ff46b943c,MASKED-1235,XXXXXXXX4814,1952-12-19
P1600,Sara,Agarwal,19,F,04a512943214257ea28f566240136d27e46887ba8dd9abef2f97efc48b9dac02,MASKED-9611,XXXXXXXX2764,2007-11-28
P1601,Krishna,Naidu,39,M,3d09eee14e96197bf6b818b624652c48d3f823be3999e92d220038d7fdffeb35,MASKED-9223,XXXXXXXX8443,1987-12-28
P1602,Krishna,Sharma,67,F,449e4f9dfb6f3e2a5506da696270ac184bdd3ae55e695c64ad8e6dc31f9946cb,MASKED-6093,XXXXXXXX2774,1959-03-07
P1603,Ananya,Gupta,45,M,7b3188d950d7244016801c9e2014e6c7821bd582ad596c95e25c7af784ab43d7,MASKED-2655,XXXXXXXX0157,1981-03-02
P1604,Riya,Mishra,13,F,68b9b0653c15f2910cb8b1ff240f7113dddb95ba404dd7c1f3d6bbe4c596620b,MASKED-0229,XXXXXXXX7492,2013-11-24
P1605,Anika,Kulkarni,58,M,4442c01a7e1662a64464730dcc226e5f39e8615ef8606ce1dc53ed418bdc58c1,MASKED-2100,XXXXXXXX1178,1968-04-01
P1606,Sara,Chatterjee,20,M,8db631c1d35f3d5ae65440a50b4f76650a069474249f59835bfbf146df8fa7d9,MASKED-9769,XXXXXXXX2151,2006-12-28
P1607,Ira,Sharma,72,F,acd621bfb70016d36c97ff983dcbfc287018a4e33f8aca23cc16c651b138d039,MASKED-0327,XXXXXXXX9813,1954-11-04
P1608,Krishna,Verma,61,M,3eb8ca3a8241d1fad2a69431c8a7630c25e1166da74d81d1c32456f9cb305ffb,MASKED-6605,XXXXXXXX2184,1965-01-03
P1609,Vivaan,Mishra,39,F,e5983876c9fea8ff92e9f096963a4be21a87a258dfd4c8563708e87e1019afe9,MASKED-9190,XXXXXXXX4872,1987-10-16
P1610,Diya,Singh,1,M,24f0f878954b946c5bfd6f85d0dbfcba02e261f406111d9796f1f1bc951392c0,MASKED-2368,XXXXXXXX2432,2025-10-18
P1611,Sai,Banerjee,3,F,74df9bd496d54137343957493ce973e045313953a396af75a99506138724784e,MASKED-1389,XXXXXXXX2671,2023-05-22
P1612,Ananya,Pillai,77,F,536db4c9842aae380cb47aca500b4609522518a6bef8cb93f50c5bd6984b9c74,MASKED-2885,XXXXXXXX2625,1949-07-13
P1613,Arjun,Singh,62,F,845c8a502b8a07952f1633cb07a9b9e05874546f1ddcfe33197a91a721ddd5de,MASKED-1401,XXXXXXXX1554,1964-03-28
P1614,Aarav,Reddy,63,F,b19ccd88c16020a31e8b8464468faeec6b0f5dcbf8f53d458dc59d8f6b277220,MASKED-0679,XXXXXXXX4971,1963-09-12
P1615,Kavya, Patel,25,M,9a2964b829374fde748753013baaf605637794ef917b1d2c9dd18ab95040d0e8,MASKED-3965,XXXXXXXX5889,2001-07-16
P1616,Anika,Kulkarni,56,M,43806f7dc8bef1e9932a9c2c01ba8687c38aae018cf2681c1a2bbfe8b4eb1917,MASKED-9715,XXXXXXXX4146,1970-06-28
P1617,Reyansh,Ghosh,33,F,6f639c4172f9962128b71e8d7c9588ffaa99a14e8b02e32800f70849620d82f2,MASKED-8704,XXXXXXXX7068,1993-12-05
P1618,Ishaan,Sharma,38,F,9be394abb53171faa375954ac027a23037ae527ccc8609fbf98a3a48cc2e1906,MASKED-9375,XXXXXXXX8538,1988-11-20
P1619,Ananya,Banerjee,6,F,e89bc8cb0e7237f6ad17874a08a970b4eb60f84e99da423b5c1f14177ab9c170,MASKED-0216,XXXXXXXX0676,2020-03-12
P1620,Saanvi,Kulkarni,58,M,d101c11190bb5e4a2a5fa131a553a4d14f5ea99fd78a1850d1957c2d1c69c0f4,MASKED-8534,XXXXXXXX3096,1968-04-10
P1621,Aarav,Singh,44,M,10dd56dfba705de236aaee4bb258b7706a11394cb90311dc7a41037ed678050e,MASKED-3646,XXXXXXXX4510,1982-06-24
P1622,Riya,Khan,45,M,845d433e5bf82e34549c6bf80aaad122a0858c6212cd38a8efbdf1ccdfbaa812,MASKED-6189,XXXXXXXX2617,1981-01-05
P1623,Diya,Mehta,32,M,3238f37625bbddd179ef0915705828860ea2534b08763ff4e896a7a98b7087c8,MASKED-8862,XXXXXXXX1772,1994-03-12
P1624,Riya,Naidu,45,F,3628a8b0d677dea2ceab4db57fb626f856d552e2e91139c7b1bb94dade5e1989,MASKED-7515,XXXXXXXX5023,1981-08-22
P1625,Riya,Patel,61,F,594d0ccc22489559df9209c84f9716325484f4c5cb7c1ad9405f0c941a8bf8a8,MASKED-7658,XXXXXXXX2110,1965-03-05
P1626,Arjun,Kulkarni,47,F,0c1c881e189a67ed11bbb58bd8902b310fd6694b1bcf12587eeb2295d02363f9,MASKED-3312,XXXXXXXX4471,1979-07-08
P1627,Aditya,Iyer,21,M,27c56e39e7d7d92cb9edd6bf4eec8a06e40d3b5c0d57639e5a9c20c02ff16d13,MASKED-4695,XXXXXXXX3718,2005-10-06
P1628,Sara,Verma,80,M,64dee03bf1e76a2e67c67cf0519308df28d5a2fa1bbf992164979648ff7f378e,MASKED-9407,XXXXXXXX0931,1946-01-13
P1629,Kavya,Banerjee,85,M,60a1d6054a0c04d237e426fb2d9425e69d31d9688f2002a20e92c14c194d01be,MASKED-9855,XXXXXXXX0414,1941-06-09
P1630,Aadhya,Chatterjee,75,F,96e0c94f99c3159452f2de657850917075ad1ccf95ee684df4f559c1ac1bac05,MASKED-0555,XXXXXXXX4749,1951-02-14
P1631,Muhammad,Das,36,F,67780d9dc628c715af0db5be010ec853f818c41f9caff53a77dc542bb827febd,MASKED-8840,XXXXXXXX1093,1990-04-23
P1632,Ananya,Kulkarni,19,M,e9c80313f7c0c2f840f9c5bb5f8f868a202db67753a02fbecb19385c4ccb3894,MASKED-1357,XXXXXXXX0236,2007-09-23
P1633,Sara,Verma,20,F,5d3509579f795f070e4a5ed8bfdfad680639084f3731b3a2705d05b647470b07,MASKED-2419,XXXXXXXX0294,2006-12-05
P1634,Riya,Naidu,57,M,a7f33fed726c20d3fce5c2e04343ba73cc9ef398d142a7bdc1419f2d22ba8555,MASKED-5535,XXXXXXXX7868,1969-07-13
P1635,Aarav,Khan,18,M,e7961b3ff9b2a2ba64f481d4e36f9968f6ae0645572d1a73bd02e2bef526eef2,MASKED-3597,XXXXXXXX7884,2008-05-28
P1636,Reyansh,Ghosh,47,F,e04e42c470dfe76a49fb7d854d61ce1b948db6812031db55b6178dfa81e45e1d,MASKED-2698,XXXXXXXX4024,1979-03-09
P1637,Aditya,Nair,49,M,5bea640e9b3d7774f0c3f8b6ccd1ebafc4a4e320a09662bdbd48790794262b2c,MASKED-0042,XXXXXXXX1842,1977-07-20
P1638,Krishna,Banerjee,14,F,6ec98bd7ee36ab077fae26dfad99c6af6dc672cf68739280db52cb9e9c3d1e35,MASKED-6139,XXXXXXXX9164,2012-11-21
P1639,Diya,Mishra,15,M,0db7219207035353ecc60e4838b2446cb9cb04deb544e5be9cfcf99b59140316,MASKED-2820,XXXXXXXX7365,2011-03-16
P1640,Krishna,Banerjee,31,F,942a1722d35c8e18b7710457628c6ede618e7b601501920a9a510668f1c9cdc1,MASKED-8680,XXXXXXXX0422,1995-07-22
P1641,Myra,Gupta,1,F,92dd9985aa1287f1d161cbdc6a4a0efe23fd7f883bde798c07380cce3812f814,MASKED-5794,XXXXXXXX2091,2025-07-13
P1642,Shaurya,Banerjee,54,F,baa2fb06b2e4182b949513836a215590bafd441a9467e34ee052e58b8c7c8972,MASKED-4459,XXXXXXXX0018,1972-12-27
P1643,Muhammad,Das,3,M,dad82301a638061540b912010dc7a836876c39ea9a5953ca81357e76238374e9,MASKED-1211,XXXXXXXX2308,2023-12-09
P1644,Diya,Iyer,16,M,e57ed624538f92daabdd1c3f790420c0bc39578e9b7e4d6fc0f7f31c6a7cacb9,MASKED-1813,XXXXXXXX0303,2010-07-13
P1645,Aditya,Singh,87,F,9c2f7aa0736076a9a7b7b334e6b6f6a66115b3d87ba2d04c2d540100a9b84e16,MASKED-2376,XXXXXXXX1451,1939-10-11
P1646,Ananya,Gupta,57,F,fa134df13c2d046c30a4576e2f3f3105a36955cf91f75f878673ff1e9a321540,MASKED-7929,XXXXXXXX2624,1969-10-27
P1647,Anika,Nair,75,M,90ef07e499631183943716c5e26059fae3bcc6307e5b6861a7cdce2677dfc357,MASKED-6005,XXXXXXXX5267,1951-12-26
P1648,Arjun,Agarwal,12,M,689c8abd34f28634919c6eb9c9ff241c2a5d1dc48a1139e3531f251eed3b54a8,MASKED-8953,XXXXXXXX6557,2014-07-16
P1649,Aditya,Joshi,74,M,e444e37cd5273d57ac1ecbe3180b968e192fba74894a1b5ebc3bfc1fb70836cf,MASKED-3965,XXXXXXXX8836,1952-02-19
P1650,Aadhya,Mehta,16,F,5ceafc0a5876a70db668b8ff4efdabd5d984da61587065f922f9453ff2e82aa7,MASKED-0701,XXXXXXXX7210,2010-06-12
P1651,Krishna,Singh,72,M,3d96c86527d10f0a487d9504af7954a9cbebc4c748fa4f07cd3ea48c60186df7,MASKED-8271,XXXXXXXX1260,1954-12-14
P1652,Aarav,Chatterjee,76,M,e8114fcb56a2a34892c383f388358f54d26e721e91acdc615bcc37fe1bd3cb2d,MASKED-4412,XXXXXXXX5213,1950-02-01
P1653,Shaurya,Reddy,24,F,7509efb17994be98e861c9c1f92b968fe92a200a89215fe2e72047a3a9824fd9,MASKED-7642,XXXXXXXX7041,2002-03-02
P1654,Ishaan,Nair,28,M,870b9229ad3a51fb52b78554d012e514c936c05c698b95f0bea05bb125531083,MASKED-9345,XXXXXXXX8436,1998-03-09
P1655,Aditya,Singh,8,M,d9c519ee9b58fa4b9f115e558933c7077cdabd3875f9b0d18c9178f7415413cc,MASKED-0915,XXXXXXXX9177,2018-06-21
P1656,Aarav,Chatterjee,36,M,0e49001e809ab718275425983b4ef0710d0b22d77a6b8ed3acc24052f872ea5f,MASKED-8815,XXXXXXXX5950,1990-04-10
P1657,Sai,Kulkarni,8,F,c37ba4b20895d4d1c8a31be75978722ad6649eeeaf9fcfb1508ae94be596027b,MASKED-5921,XXXXXXXX3419,2018-10-02
P1658,Saanvi,Joshi,58,F,edec41db3dc02894954646b66fa960c64a7934a9db56b6f269af5ec826ee1f1f,MASKED-9185,XXXXXXXX8356,1968-12-12
P1659,Riya,Mishra,60,F,44a5f7cb0ff70e57612b48f1985fba4726d1970c227a37f1161bb5c8babbbbc0,MASKED-0197,XXXXXXXX7904,1966-03-05
P1660,Anika,Das,50,F,066b24e56a49d01f6c08bcd16c47ed1769327c3e1b744831d9bb5a396c921bf1,MASKED-1616,XXXXXXXX8572,1976-06-10
P1661,Krishna,Nair,28,F,3d43b8796c0e19b08bdb45db71a7136d841f9b8e86ba70db0565b1c36d003186,MASKED-3526,XXXXXXXX7102,1998-05-18
P1662,Ira,Verma,41,F,69feb5febec130383858445f22fadaadc25229e6736cc38bf0f33fff935dca68,MASKED-4129,XXXXXXXX5511,1985-03-23
P1663,Saanvi,Das,64,F,6b1404bacfff6434d6bad2ecd6104f170a32a11c2b3afcfaea63aff7fe510065,MASKED-0077,XXXXXXXX4669,1962-11-05
P1664,Myra,Naidu,27,M,02ec66d7d6dbeb92c3e5954870b8e50b223a8f9b74dbaa37d154ea43c84fe82c,MASKED-0404,XXXXXXXX0903,1999-12-27
P1665,Vivaan,Singh,63,M,5dac42cbbc53adbcda790cf7a733a85ace14c86b14cd6fb9d883c8fe3a3d3cc0,MASKED-9933,XXXXXXXX6715,1963-08-15
P1666,Diya,Das,17,F,9d40729502bbf0019de26641b7620142b0feb3814e2f97491f4096962b977ef2,MASKED-5692,XXXXXXXX1559,2009-08-07
P1667,Shaurya,Agarwal,73,M,08dc28e58a8886e13ca8a7eaba26bd429dbeb37c9ba021cddb4ba4a51eed4a8f,MASKED-2947,XXXXXXXX9096,1953-01-26
P1668,Ishaan,Banerjee,33,M,322020d594395bc3c8c764672dad01c3f9ce4c54b1ded9616277345ec25365ea,MASKED-9729,XXXXXXXX1214,1993-07-03
P1669,Myra,Mehta,84,F,bcc768d537a8854c997630a0b12f8a2144261d1a8fcafb61d08f493573c8a628,MASKED-2916,XXXXXXXX4235,1942-07-16
P1670,Aarav,Banerjee,77,M,e1e7970673e9c156fb53f6d3229b0fd4bd54e5b928847adc6a792b6c00e6219d,MASKED-5282,XXXXXXXX1992,1949-06-22
P1671,Aadhya,Verma,29,M,cdc081cc47c7a000f308b6e9c65f810d8f605cb6d93e59f4c49f582de698e76e,MASKED-4880,XXXXXXXX0727,1997-11-19
P1672,Diya,Joshi,13,M,17230c84b4f0a5b816dba3f6d12160b7ee17dbb4cb982aa75c71c1eb3f6b9a3b,MASKED-4410,XXXXXXXX3390,2013-06-27
P1673,Muhammad,Das,46,M,0bdf5975645129dc7eac92b8fe4c5ed2776a49bbff82642e645099546dff8fce,MASKED-0400,XXXXXXXX5868,1980-06-04
P1674,Myra,Agarwal,35,M,13135a3724b637ade111f5d5e6f47622a328518e47a9eef07e30ad7647118210,MASKED-3407,XXXXXXXX4649,1991-02-03
P1675,Myra,Das,6,F,e80ae7408f6fbaa120d07d073eae920cd43bd2e020966750f5cd6a91501dfcb7,MASKED-9095,XXXXXXXX7890,2020-11-10
P1676,Reyansh,Reddy,82,F,c70f2b1edfeb87a950f3a4c31672dd2410629109b5d11145257c78534fbc440c,MASKED-4901,XXXXXXXX7660,1944-06-26
P1677,Diya,Naidu,69,F,58b3a1d30a0b7cf0f446704f987b37479a293086dfc74deed0bbee69f63bca73,MASKED-3124,XXXXXXXX0258,1957-12-20
P1678,Arjun,Joshi,47,M,6207d03bca1558271093f70bd6d35e7f31c6fa28729ca390356abf7da16d37d6,MASKED-7147,XXXXXXXX0962,1979-11-13
P1679,Sai,Pillai,25,F,f3b7d9b3b942120d6ccce591dfdf75fea6e191df6eac3e261cbe392b81ee94f4,MASKED-4059,XXXXXXXX9648,2001-03-11
P1680,Ira,Iyer,66,M,27ce329d7cf6413e6193f6a06d35f0b54c84a26eaebf173b671dac8af29efbf7,MASKED-2973,XXXXXXXX1960,1960-12-24
P1681,Anika,Agarwal,10,M,4853512c6e8979bc03f2830cdeb0a3682938ad26b28949ce799b9668c794f2f6,MASKED-9622,XXXXXXXX6404,2016-02-05
P1682,Krishna,Nair,56,M,11a08a5066874ca3fbca1323a0e5db9333209fcbf11ac392bee918eb2111a078,MASKED-1815,XXXXXXXX1175,1970-04-13
P1683,Arjun,Das,30,M,b00026c97be7ebc42cd2ca76b9fba64483c10aa8c21710d8099b81bf7d1cdc75,MASKED-8766,XXXXXXXX5722,1996-05-01
P1684,Kavya,Banerjee,5,F,0d8aac9d1e611ff033f94050e8275b1baca2a1cb6b8ec431875dbb567ee0dce1,MASKED-0205,XXXXXXXX8413,2021-10-01
P1685,Myra,Ghosh,33,F,0b1f4ea3dbc6cb3e5e41405dfe0408545e945e9ae1b85acd9a3f21cef221f85a,MASKED-2815,XXXXXXXX2312,1993-05-09
P1686,Ishaan,Khan,65,M,b35b72c9afcf142b1d3ae358a3690c5125a694b777e7e5ba5b3d092b0fdc4cd0,MASKED-1865,XXXXXXXX3423,1961-11-28
P1687,Aadhya,Pillai,18,F,fa1fd1175a787182deb79509b8cfafbf1c5a868b780fae49fd5b309fceb3e7ad,MASKED-2235,XXXXXXXX6945,2008-10-04
P1688,Saanvi,Gupta,49,M,73d67edc8e595779c9ce1a2d3512222ce4cd68563e66072b7d30611eea4cdf2a,MASKED-1296,XXXXXXXX8496,1977-05-20
P1689,Ira,Patel,11,F,7fcb117b82cfc79d37b5720ca699d9d8f7fff4112ecc0a3a66a81a05e569ad42,MASKED-8529,XXXXXXXX1355,2015-03-25
P1690,Krishna,Kulkarni,85,F,03623b9cc0aeaa917bd0c837d6e43acafa2cd9b6ac337f4b65fd29ad47c03529,MASKED-3356,XXXXXXXX8164,1941-10-07
P1691,Vivaan,Agarwal,26,M,af38922b43a2f56759449adacffe040fda6b6e3bf22e359eea0097d2f0ccbd21,MASKED-9713,XXXXXXXX5330,2000-08-16
P1692,Sara,Verma,63,F,bd9979faa7ab517e279db3fba940fa3bc87855f10231f615cd37f9c4f4fe544a,MASKED-0048,XXXXXXXX3904,1963-01-21
P1693,Ira,Gupta,89,M,47c465447e385ac56078ec0727e89b62f7a15a384d6140a82abff3993576f359,MASKED-3751,XXXXXXXX0171,1937-07-24
P1694,Saanvi,Patel,86,F,cf9ae6bfea47b64c8abdb7f8fcfebbe9ae327e68fb30a872feb8c71adb0e29d4,MASKED-9806,XXXXXXXX6477,1940-11-04
P1695,Kavya, iyer,59,M,81a5e0e52591131b6a61d8fadf4633911115d61b4450544286f118835bbaaeb9,MASKED-7949,XXXXXXXX2135,1967-09-01
P1696,Riya,Sharma,27,M,9043f12d5669fb68bbf1dabfa0ab72faccaf03cb8e8ed21f4b100d4281bf6d37,MASKED-0849,XXXXXXXX9774,1999-06-25
P1697,Aditya,Nair,49,F,ed5785eb5779aa217235acfcf16862a61be78cab699aec739755682bb19d426a,MASKED-8826,XXXXXXXX1703,1977-01-22
P1698,Ira,Naidu,77,F,c53d35779afaa33e63c551a2ee4a8b8691048897ed417098f01b4caefc3cd333,MASKED-9972,XXXXXXXX8547,1949-11-05
P1699,Vivaan,Agarwal,33,M,b3690ec3b73177412ffc96df372a791ef9581a7fcea99c7870e88e8fa82237e9,MASKED-1408,XXXXXXXX3146,1993-03-22
P1700,Kavya,Pillai,1,F,8ff1b8cbfc03c5f3b749d76a0b1ccebd13f056564c7d2c0c367f75622d9d6952,MASKED-1146,XXXXXXXX0787,2025-06-09
P1701,Aditya,Gupta,21,F,1f03027db1155c1083753dd4f2e55b7293f63d4337038a4ba5dd7fd0e6fe4fc6,MASKED-2915,XXXXXXXX0745,2005-02-02
P1702,Aadhya,Mehta,55,M,827deef5d772532dd0f2fb5313a92c138ff06ab50f8db83cb19159311502bead,MASKED-2501,XXXXXXXX7861,1971-11-02
P1703,Aditya,Joshi,6,M,d8537a6f528ae6a9c685eb0f63c0979e60acb74c7fb304487871e278c45364c7,MASKED-1983,XXXXXXXX1439,2020-12-23
P1704,Shaurya,Singh,81,F,7761d72cd5f4a59027c753f93c6f9b4cedef263d001553d8e6ea795923786e2b,MASKED-7514,XXXXXXXX4940,1945-02-06
P1705,Saanvi,Sharma,69,M,5eb6d6f2e8af9f52a71712a5974011d9ddfcc91d447f8da035a53ba3c3273ac9,MASKED-2650,XXXXXXXX7207,1957-07-11
P1706,Arjun,Patel,5,M,16188c7ab5c132ad67e5100b57e9de7b1f6e3d74e19af8bd75c187e6c4fbb1a5,MASKED-7655,XXXXXXXX7371,2021-01-27
P1707,Saanvi,Das,3,M,01b9aca2c79b191376ae8814db985e303a803617936c0e31984802cdf83f895e,MASKED-9935,XXXXXXXX5775,2023-09-09
P1708,Anika,Ghosh,53,F,8a0a3415d6b93c46984193889b7832ff2dc1078ac2c51420354b95995df85dd6,MASKED-2693,XXXXXXXX1480,1973-03-14
P1709,Sai,Patel,23,F,1e1f3501d5d19dfe748820b32597a1d64ac35858bb3c476217f2784fe2940657,MASKED-4575,XXXXXXXX3614,2003-11-22
P1710,Vivaan,Verma,53,M,bfd7fe787564c1414cc770da36934f2abbd9f62bd4695703153c4766f6c35eb3,MASKED-1958,XXXXXXXX4309,1973-09-23
P1711,Ira, Joshi,37,F,641551e912ad001870ee2a0eaebec1e8499bee0c1eb4bc5e19a11c7e155fde84,MASKED-3722,XXXXXXXX7284,1989-10-18
P1712,Krishna,Joshi,74,M,0b6b586306fdb50094fe7d13463cfd542e9be5c3a728ad56ceff49af2f9c076f,MASKED-1598,XXXXXXXX2142,1952-12-07
P1713,Kavya,Verma,74,F,f41076e6523ca1a977a8414ff8efaaec9e6c29d5f2fc941176d52caabbb01bda,MASKED-6300,XXXXXXXX1449,1952-05-06
P1714,Ira,Joshi,83,M,f7b6599663b1a7c27da8cd2ef620abe7d33a2ca3272a75a3b82ef1ae53285b47,MASKED-8247,XXXXXXXX3441,1943-05-19
P1715,Vivaan,Mishra,17,M,74328ddd1db468e95742d79c016b0f2d56c50631728bda020d5b6fcb9726bdce,MASKED-0359,XXXXXXXX7567,2009-07-14
P1716,Shaurya,Mehta,85,F,18c5148caa47ce384b8855282e1a1c05c1d4018963b6ded0df53d2ee02317dcf,MASKED-4081,XXXXXXXX8529,1941-09-19
P1717,Arjun,Pillai,78,M,ab351e41cd974fa03f8e1468955ea8bc922b58926dd47421481770170f6afcef,MASKED-4961,XXXXXXXX1041,1948-06-20
P1718,Aditya,Joshi,73,F,68d0101ddcf1c12386cb3f845e278a36ff343c0cf4587047812e3741eae64d04,MASKED-0225,XXXXXXXX8287,1953-03-08
P1719,Shaurya,Ghosh,1,F,08d40ba13980402c0e48768e6c47ffdd5238f0d1e1abd77092e32966356d7d0d,MASKED-6985,XXXXXXXX2918,2025-02-08
P1720,Anika,Agarwal,51,M,2f879ab8c17f68d704bec8d6b6fc20be63c32c50f1c94b52a2a15c8621642fee,MASKED-7033,XXXXXXXX7238,1975-05-27
P1721,Kavya,Kulkarni,45,M,3d1566069f13dc5609543fa78ffc2e5b9e2736d6c8540c30639323a397c1edf5,MASKED-3185,XXXXXXXX2883,1981-08-16
P1722,Shaurya,Naidu,77,F,97d65a7352aa44c13d3d2ea48664bdad5da478038a6c20cc2593602e524c43b7,MASKED-0816,XXXXXXXX7662,1949-01-10
P1723,Kavya,Iyer,4,M,de76ee8c23f4510ab61d532a2ce004a5632da8f94bb63222fd1c0afab2229f31,MASKED-4893,XXXXXXXX5277,2022-05-01
P1724,Myra,Patel,62,M,c0c2feaed742530f6b7375a0bb4eeca3f5d252a6298b21c9af8e2110b7ea7ee7,MASKED-6364,XXXXXXXX2595,1964-08-23
P1725,Aadhya,Singh,65,M,0baeff531a71bd6b78cdb63280f14d585f8f0667424594caf652f307f2761c0d,MASKED-5386,XXXXXXXX9884,1961-03-23
P1726,Muhammad,Reddy,32,M,596bc49716c74e7399c4832ff3280c435b27f6e55ca4f0f94ef2ef1f9fa6044d,MASKED-4817,XXXXXXXX1775,1994-04-25
P1727,Aadhya,das,34,M,34e5d45a62045a5bc808c4d73b011927d75e3ecc82c7e25bd9aa5d3b8d18d60d,MASKED-8884,XXXXXXXX1759,1992-11-27
P1728,Ira, patel,72,F,b66db7d8f45f02a3e15de38fa35692542a80d50d24e273f4aecbec29bbda028a,MASKED-1617,XXXXXXXX2056,1954-10-18
P1729,Aarav,Naidu,39,F,9ce70ae3dd017e2125dd875172aef9ace06312713b4e56c05561c96f1f2f129d,MASKED-3527,XXXXXXXX3098,1987-06-01
P1730,Myra,Patel,26,M,f6a2c58cc35d281f499a359a1ebcd60d6c94ef68237070c871e4ec6114c40a19,MASKED-7681,XXXXXXXX9389,2000-09-10
P1731,Krishna,Mishra,34,M,a3dd467b724817e7cf702ca24d27e06751151a80d5e704d8178612545946a855,MASKED-0347,XXXXXXXX4350,1992-03-07
P1732,Ira,Reddy,54,M,a2471bc18f77658a6aaaba75a910fa240667a8c5d0ffd953533302201b887e29,MASKED-2746,XXXXXXXX1699,1972-02-18
P1733,Anika,Nair,3,F,26f3defed38ea1a757a42e4034d283af723cdd8b3b21af7f4b6645f72abe87ad,MASKED-6188,XXXXXXXX7430,2023-01-01
P1734,Aadhya,Naidu,50,M,7eba8de053188288e112c40fcc885972c4c2c8a1fe8b846bd4a6eddb3bbc73a0,MASKED-8806,XXXXXXXX6821,1976-08-04
P1735,Aarav,Kulkarni,12,F,6c24ac4187c5a4d5695530711ac90710d17dcc6732abbc3da1157bd203d98496,MASKED-0669,XXXXXXXX0368,2014-10-02
P1736,Aarav,Naidu,65,F,ce77471f7f34ede522ffe1863d0efaff833d0802fca6ee4d602740dd1c0279d9,MASKED-6113,XXXXXXXX5593,1961-05-05
P1737,Ishaan,Chatterjee,54,F,adde83506465c11ccde92814c8e95a63676c0250facd0d7ca1cd95071c2d1087,MASKED-1677,XXXXXXXX3745,1972-09-10
P1738,Ananya,Pillai,5,M,5ef095054dce31b73fd4191173aa87270186ea5cd61b139f11a85f6d6c30d9b2,MASKED-2191,XXXXXXXX4132,2021-09-08
P1739,Sai,Pillai,57,F,d1e3ef6c7dc9d9f04713f0a322624b9bf19981da56a0e32720f131bed2eef889,MASKED-9713,XXXXXXXX7044,1969-10-13
P1740,Sara,Chatterjee,17,M,6b263aa809078291b6ba2a16f53bcf008a7a2e46899f08b2761d95723a618313,MASKED-3910,XXXXXXXX0336,2009-03-22
P1741,Anika,Ghosh,47,F,29f889cc7543af698310e454382ea9d407b6d4050901d4c81a1cec03bedfd7f1,MASKED-1742,XXXXXXXX9305,1979-12-27
P1742,Aditya,Mehta,23,M,5b5f7356ebc0de403ec6ed68a89947563750d77fbd9e7e79c54da36ffcd80c96,MASKED-7447,XXXXXXXX9984,2003-03-13
P1743,Saanvi,Mishra,79,F,f1b02904a5843f5fe407f241a61d53d41fef899c2f09223938f988b682cc06b6,MASKED-7244,XXXXXXXX9609,1947-05-12
P1744,Saanvi,Pillai,85,M,adbbd4865039abd20f3e9163116a90eff1a2cdb38e34cee797083a9ec51b705e,MASKED-3824,XXXXXXXX7707,1941-01-15
P1745,Muhammad,Kulkarni,14,F,584ebaa0363e5301c06c33025c29e329486b81f68cfaefcc0b470e0e83f57afd,MASKED-9319,XXXXXXXX8517,2012-03-09
P1746,Aarav,Mishra,66,M,20bb91563e3f03ca4f183e2347136b60099cce8e3f242d243e2c9f2de959b5cc,MASKED-5891,XXXXXXXX0287,1960-10-11
P1747,Kavya,Joshi,75,M,3c9262625509e6bd5dcf207e0941f940716d1a3eb8eaf726f479b282ec6a0af0,MASKED-7317,XXXXXXXX5118,1951-08-04
P1748,Sara,Singh,51,M,cc6dbb3433df2742403e8ebea5e38b13710153449589d118cca44c63b365b751,MASKED-3959,XXXXXXXX2059,1975-06-11
P1749,Sara,Agarwal,38,M,19483814fc374fafa3c2dafc2c858e33c95db0121846f75d350e7cec3d54fbab,MASKED-4202,XXXXXXXX9019,1988-04-26
P1750,Ananya,Verma,64,F,4da954d24dc37d8e470fc83122bf013f703c87d47d8ed0f37ef10298cd7f9ef4,MASKED-3535,XXXXXXXX9898,1962-12-14
P1751,Sai,Reddy,38,F,0cbc2f8c52644e2757b08130396c28c0348243572fd9c04cbc091d3011b62af8,MASKED-4119,XXXXXXXX3943,1988-06-08
P1752,Ira,Singh,50,M,5a5465050b793127df6d5a3054c9d7cda39b9f37f053b8521c61f50d08abf345,MASKED-4256,XXXXXXXX8815,1976-11-16
P1753,Diya,Reddy,82,F,c61fa14bed0c039a7d9f74d76e170ac2a45ec165fd311cba754f4a40a37c804e,MASKED-5743,XXXXXXXX2944,1944-06-11
P1754,Arjun,Gupta,30,M,b7e9159431a1a733c8bb9e048e6085d714aae5eaa9a61f2035f2805ddcfc4e18,MASKED-6530,XXXXXXXX0216,1996-05-25
P1755,Reyansh,Verma,79,M,ba9c23acdc9c79695b912cd28b260367ce59324a4262fc45abf3d1250eb9ce1c,MASKED-3403,XXXXXXXX8866,1947-06-05
P1756,Ira,Nair,51,F,54ecc4ec9c48bbb3473d6a22907941925108201672dd4623037cdae54bccb243,MASKED-6473,XXXXXXXX0157,1975-07-21
P1757,Anika,Ghosh,63,M,745639912bcdd6f55f3bced34a7646f4d41c71160ed919af9df74658c40008c3,MASKED-3993,XXXXXXXX9957,1963-07-11
P1758,Shaurya,Agarwal,52,M,dc1a8a98a7f7e210dce8e866597245b11e5c4439834910407ee03c0d6b18fa12,MASKED-7238,XXXXXXXX9889,1974-09-28
P1759,Vivaan,Pillai,38,F,315f368351d2d18c70ccfad244ba68ff0bf27f15a174fa824de65923c0e43fba,MASKED-3943,XXXXXXXX4995,1988-02-12
P1760,Sai,Agarwal,88,M,7e7e57c3416e1bdc376edbd598454a6e8711105fcb1e3730557f5c35a3786b72,MASKED-3255,XXXXXXXX9134,1938-03-04
P1761,Myra,Joshi,79,M,5103e76cfcc349e2ef9db3937c0007f5875b4b37b029613097913aa72c9ee0f2,MASKED-6972,XXXXXXXX5349,1947-07-24
P1762,Sara,Nair,30,M,7a42fdc747237c3ea211e1cf9fc519fd5808eda04745aed3140d4dacfe9e7792,MASKED-0057,XXXXXXXX1241,1996-06-26
P1763,Sara,Patel,51,M,33921b6dd2a1a329787432c1f523f7532896b1140e9f5fbc43e69915ead462d9,MASKED-8560,XXXXXXXX1506,1975-02-23
P1764,Myra,Gupta,81,F,fe278129d2b5f56eb53d673ccbc38c44929ee151b096dd7187ff50edc243f72a,MASKED-9023,XXXXXXXX3472,1945-08-27
P1765,Saanvi,Gupta,5,F,566b98f59fe73e91c4a08a35008e73985fd2b9c16c94bef20c7d8cc31f8f37db,MASKED-9088,XXXXXXXX7893,2021-12-06
P1766,Ira,Banerjee,29,F,4d60d0a6bb502c669de6d05a5701439a59b2575908e1cd8b458275bc08644e85,MASKED-4681,XXXXXXXX2434,1997-11-16
P1767,Sai,Singh,4,M,8e56654e733030ff62bd93ed1e115ed7e7b92dfcb9e2bcb5f8ab767294d52bdb,MASKED-8074,XXXXXXXX6753,2022-11-14
P1768,Krishna,Ghosh,10,M,b778a5b76522ba10ef4ea04ee6840698d9de1ec3b50a376c63165967c2acfa12,MASKED-6405,XXXXXXXX6304,2016-05-17
P1769,Aditya,Ghosh,56,F,06d8bc5937c359274b1ff29660954f704355a66fb9714d64a917b23fc02feb42,MASKED-7000,XXXXXXXX6404,1970-08-24
P1770,Myra,Mehta,17,M,5b8144db6bc0436d3168c36211325507d3ff1d82853fcef4afbfea0f860e1010,MASKED-5620,XXXXXXXX3199,2009-06-05
P1771,Kavya,Reddy,74,M,7b2283c0909759cfb657ee7f24a5b9af36151de01332de65ad32550494552f16,MASKED-7184,XXXXXXXX8358,1952-04-06
P1772,Sai,Chatterjee,17,M,e0d39146df12f2da15063e9f8e2ee4e5ab29b6b13b98cb30ee0e1934511689af,MASKED-3896,XXXXXXXX3000,2009-09-04
P1773,Saanvi,Singh,84,M,e8860ed7dfcf0b5dca5075be07dd808d7d962fca02f81834ae07b624a5416b6a,MASKED-8571,XXXXXXXX0416,1942-11-13
P1774,Aditya,Ghosh,88,F,c58fdbb559c1ae72f89d2c56db2d0831ace5efb5619e3e97882d45db8d830964,MASKED-8542,XXXXXXXX2196,1938-04-27
P1775,Kavya,Das,69,F,bbd93f8e724be4d21b7b39f8a2b6979e1a68a99f5d7c83944a6d0d7e6421bc18,MASKED-2258,XXXXXXXX1497,1957-07-10
P1776,Ananya,Banerjee,34,F,64366322dcf5108475b0f66888082fb3d714950352c995d9b67540ff50884c9a,MASKED-2289,XXXXXXXX6076,1992-06-25
P1777,Arjun,Sharma,6,M,3426b9888772fe8898036a0e56faaad2e61bd0f919099bf39181786a29d2dca4,MASKED-1597,XXXXXXXX9145,2020-03-26
P1778,Krishna,Verma,53,F,d48301fa1452a2d4c0b6b5a1db356f8b252ec9aac59a9506b10cfd71e3ada013,MASKED-6140,XXXXXXXX9789,1973-04-02
P1779,Muhammad,Naidu,66,F,5f38f899ef37a1669fe83a1364738244dd09550064f3f2cda14d1d063b9b5c00,MASKED-9789,XXXXXXXX0438,1960-08-18
P1780,Reyansh,Naidu,77,M,0e22da8f9a5319c9d680c0be6ac849417b5c34ffb4c1ed5c0ef90f589d36cc3b,MASKED-8933,XXXXXXXX6162,1949-01-06
P1781,Arjun,Singh,43,M,b26b1c63c3504d87e75526e55f5c6304a531df320815c4b2a6d045819f81b733,MASKED-2642,XXXXXXXX7286,1983-07-01
P1782,Sara,Nair,75,F,5427d941942509fc5154ad9f0cb8025ee2386d49c4e41bfe7ee744d8794edfc3,MASKED-4290,XXXXXXXX5622,1951-08-03
P1783,Anika,Kulkarni,23,F,3d2b1adea7124a6c202de60b4774b3d0d5761a8e49a2461633ee2234f7f1b73f,MASKED-1918,XXXXXXXX9792,2003-02-12
P1784,Ira,Kulkarni,55,F,7d3682cb6c924453d7f3fadfbedd098c3cc3ea537aaa39c3dca83c3fd9370fae,MASKED-5234,XXXXXXXX9648,1971-09-21
P1785,Aadhya,Kulkarni,80,F,91c359ad3fd150d4265bb5b591c2f6a7c37dce8bd6f9a5b03d82600aafca8a9a,MASKED-1420,XXXXXXXX2896,1946-06-19
P1786,Krishna,Verma,75,M,1ede3db3fd8f593606fc141dc9c8b1358d290a217553cb0dbb3800b1b8d6f723,MASKED-1325,XXXXXXXX9222,1951-08-28
P1787,Reyansh,Mehta,16,F,f743c52a4bdcf836961cb03b8971e352821a092a7da63eeda760157da0c080a5,MASKED-3612,XXXXXXXX8138,2010-07-13
P1788,Reyansh,Mishra,8,F,c705b16894bd86857899713fc399da43c3e78094e4bf77168834d2039366b838,MASKED-9366,XXXXXXXX4268,2018-08-16
P1789,Anika,Ghosh,4,M,3154f4474708606cb2b13d58b0550c7002ddc179299c5e9011e5fa9739b47404,MASKED-6021,XXXXXXXX3983,2022-07-12
P1790,Sai,Banerjee,4,F,1c7164f3bf8e3b7c40a119e309e1ca3ce8cb933f9e8eb0daf19d65ddb1f876c6,MASKED-7395,XXXXXXXX1548,2022-01-20
P1791,Ananya,Joshi,56,M,a863b50591e5db695abf9803b99beb4b1d36901b460a0835f579743b66fa5126,MASKED-5166,XXXXXXXX0797,1970-08-06
P1792,Ishaan,Chatterjee,25,M,c45e47902b2abe43dc0987590a72c031e6a1b2d18b52ac3136e1b4ec3255324c,MASKED-0063,XXXXXXXX1070,2001-06-04
P1793,Anika,Joshi,67,M,05bc2e4de1f96bca3b682ddb98102aec661b65b8f017e35ff50d11ca5eb70145,MASKED-1740,XXXXXXXX0660,1959-02-07
P1794,Krishna,Joshi,67,F,3406e8bb53b101e2124473efd2a1852cb3d00bb789136ce615373db36facdecd,MASKED-1695,XXXXXXXX8620,1959-05-09
P1795,Sara,Chatterjee,27,F,1b0064979f9e6f45112d09dbaa69ad8d32abb5bee711f86b7418d586539ef800,MASKED-5063,XXXXXXXX1212,1999-06-19
P1796,Diya,Agarwal,32,M,721b97c074d2c484cc345be1a99de9c887d6f7f5f52b5b0e24e8f73de47193d8,MASKED-9566,XXXXXXXX2406,1994-12-10
P1797,Anika,Joshi,50,F,fd0f04aa76c824e5e624722b9babef77c9bfde8b62df9c0425795dd70d5df990,MASKED-1347,XXXXXXXX4474,1976-02-16
P1798,Aarav,Mishra,61,F,a7a77a823944ef2044f907e24daac09f48b5f73d6d6c18c8953bd677448fdc88,MASKED-4710,XXXXXXXX9365,1965-11-26
P1799,Muhammad,Singh,51,M,b5c9019c41ab4ef1ab9f2b2c93cb39503155c53ca93ba43ac04ed72d9c76332d,MASKED-4224,XXXXXXXX7401,1975-09-22
P1800,Reyansh,Joshi,19,M,0843674fbf7fbe8f7d5e3c7f150e9327ec3ea13950fe8106637a447fa2aacf52,MASKED-5515,XXXXXXXX5150,2007-03-14
P1801,Arjun,Sharma,21,F,94a25db85294dfcb2e3b1dbea7bac51bd622fe50752976f3cc936a18efeaa8cb,MASKED-8632,XXXXXXXX0797,2005-10-19
P1802,Myra,Gupta,5,M,d9efc07ed2ae1d608a8b86a28e9110522d9947e99af275f653a72de6a169a93d,MASKED-4141,XXXXXXXX0381,2021-07-14
P1803,Krishna,Singh,82,F,01f2cc32863412fcc9f2a0cd99b7f1a446822dc4eeb4139fe9678566ed42e88e,MASKED-0563,XXXXXXXX9225,1944-01-03
P1804,Muhammad,Banerjee,42,F,9ce0801f93bd2c04313161abcb01bb838fb3850a8ef9e597c83d6e4265eff113,MASKED-2930,XXXXXXXX2441,1984-03-08
P1805,Kavya,Patel,61,F,d7843f6b7a172ef0a52081699e339abd2a9202766c76b20c8a29530c64e64320,MASKED-5965,XXXXXXXX1786,1965-12-07
P1806,Sai,Ghosh,22,F,372017c209fac46017c4d42df019c7bebf47460cfee929ce6e1ae11733faaa6b,MASKED-2034,XXXXXXXX5469,2004-07-18
P1807,Aadhya,Kulkarni,21,M,8a5d20cc7c6e6b8d0f385c9746727712d663550958421e07b76bbb76dd7f4313,MASKED-8145,XXXXXXXX5809,2005-10-25
P1808,Aditya,Joshi,70,M,8bc9dea99dcab428e50409b1897bd25d971372a69d8cd212a6b41fc419938b51,MASKED-9993,XXXXXXXX1715,1956-11-24
P1809,Diya,Mishra,1,M,08398e9531a27d06a162e87d3409cb3c4329927a1c46aa5d4b8ce6b248c83f04,MASKED-5514,XXXXXXXX0766,2025-01-10
P1810,Ishaan,Naidu,5,M,d6e7870f771e3ccb3b7545ba8ec4f89a737932a3f981f78a8a736bc6f3786cc0,MASKED-6236,XXXXXXXX5126,2021-09-25
P1811,Muhammad, Banerjee,12,F,ea046f874ee3ea58fe1fcd66ee7362fc49d7b03c4663c430dcf0ddc6d82c4fad,MASKED-7051,XXXXXXXX6074,2014-01-04
P1812,Muhammad,Patel,46,F,54208924507b84c5f3ebeb198c5170213fce6fdd7bec83086075cef7b2cc4302,MASKED-0681,XXXXXXXX0155,1980-01-05
P1813,Kavya,Joshi,34,M,20fa701f7097151748f9e0689550a323dadb5099ab2be725608a14e24e3b409f,MASKED-5954,XXXXXXXX4161,1992-04-19
P1814,Reyansh,Pillai,49,F,d21e739385380019343db0e6dbee653975a7d16aa1f2d1181d8b490f5123c6c2,MASKED-5575,XXXXXXXX6424,1977-09-22
P1815,Myra,Agarwal,78,F,eb720f0c78ea0efc738a6810db51dd34dd65f9b3691dfa807dd5422efa4ec902,MASKED-6885,XXXXXXXX4479,1948-11-11
P1816,Shaurya,Joshi,45,F,6df4f4b25b4cebe67ce6c0d10f0c4a31a152c43fa31a6d0ad8beadc102bae751,MASKED-3760,XXXXXXXX9695,1981-09-13
P1817,Reyansh,Patel,27,M,119e929622cb7fb65c05ffbf5089eb4b21d3d7482c6c07a76ff959ff48f2f20d,MASKED-0534,XXXXXXXX8264,1999-07-02
P1818,Aditya,Das,73,M,dcf2a2d9e24bd44c458a33565c25cb6c01e8cd2724bccda1a7b59534bf2c5577,MASKED-3476,XXXXXXXX4577,1953-01-05
P1819,Vivaan,Joshi,26,M,a0090c30e063c860c0d1a26f760bde5802b11ede09a48e02f83cdce1f086373a,MASKED-9588,XXXXXXXX3682,2000-07-20
P1820,Myra,Banerjee,47,F,1413dd24392c1dcd4d51a41222f09f8550f978e56ce051a38638049e36f1f66e,MASKED-3004,XXXXXXXX8653,1979-07-20
P1821,Aadhya,Pillai,86,M,caec4d3c6e0c9955ac087e830dff6af9b49cc08c3e84c6eee42ce3d111f41736,MASKED-7727,XXXXXXXX6774,1940-08-06
P1822,Ira,Agarwal,56,M,b2df31442c9db8793b077e03907256e4895bd77b5ad51b4478351bd05ddb8a94,MASKED-5531,XXXXXXXX6663,1970-11-01
P1823,Reyansh,Banerjee,63,M,38aeb6e0c1a08e96b248388879abba9f60dc279b4c60cd5e68efdad8fae7629c,MASKED-0594,XXXXXXXX5932,1963-10-21
P1824,Ira,Agarwal,48,M,74e8a91c27e469abfb51d3c78ee08afbc14476b18d4916c3ee624e331931d1c2,MASKED-2212,XXXXXXXX5327,1978-12-07
P1825,Ishaan,Iyer,61,M,d366689b720026943ad2702f5967533d97e5aa6f3e9ba4ea3ca51ee920229b17,MASKED-6943,XXXXXXXX7327,1965-09-21
P1826,Ananya,Agarwal,81,M,53b8f78b441202e58473d5f2561d1dbe903fe73b5056612c9df995c969f986fc,MASKED-1192,XXXXXXXX6164,1945-12-18
P1827,Ananya,Khan,26,F,5c08916dc8ebc64a3028dcd9532e0bc2905478db2f966608a622b60c0ac04cb6,MASKED-8471,XXXXXXXX7611,2000-03-28
P1828,Reyansh,Banerjee,36,F,7eab7f20fbc57aef891ecab4a1e249d10c9a4de136f5e70cbe25778aa5fb23c9,MASKED-5388,XXXXXXXX4151,1990-08-23
P1829,Ananya,Reddy,1,M,4a39bc48025168cdef332a4a8336d791fc2240d81c1cac4f441b542771849907,MASKED-1709,XXXXXXXX4902,2025-03-17
P1830,Myra,Joshi,8,M,85ac38d269580f0e8484ff54bc36a3c1f764f4def1e89b79f3507807e4b374b8,MASKED-0065,XXXXXXXX7742,2018-12-26
P1831,Diya,Banerjee,52,F,05723b124770f66d8811b87b8ac0680edca53364ca9000b45190e80924eac5a8,MASKED-3849,XXXXXXXX2904,1974-06-24
P1832,Kavya,Banerjee,79,F,973414d2f212409df95bf940e7db2ea9fee23278eeff3448b69751582c9484b5,MASKED-7289,XXXXXXXX5672,1947-09-16
P1833,Aadhya,Das,47,M,e740961a7b7077dc2f3fad3d6e269bf9d1fb5959b9d42e4c4d97dc94405d460c,MASKED-4854,XXXXXXXX4913,1979-06-16
P1834,Riya,Singh,56,M,09b7f33e36a862ab38686aaf2e2096d04bbfdf72bcab0acbfd2d34bce1974800,MASKED-6903,XXXXXXXX8148,1970-09-28
P1835,Ishaan,Naidu,86,M,ae0c7696463ee708fee80f434cbc77b6188e677c7420cdb5ff6815a348449327,MASKED-7726,XXXXXXXX3372,1940-01-20
P1836,Saanvi,Chatterjee,14,M,bfc9f03d50492f66e0b04f18b3fe85f632945685952662c63d9df47cea31f27a,MASKED-6189,XXXXXXXX3997,2012-08-04
P1837,Ananya,Gupta,28,F,5c5406d1b1c339c94a0b42b19b82d1de0a2a7117bfdd47a7fc91182d904b8340,MASKED-1535,XXXXXXXX1893,1998-10-16
P1838,Ishaan,Kulkarni,87,M,9a528c945e3742bff27f3c055210a6275d9936771ee6b0a842173df9e201aff5,MASKED-0167,XXXXXXXX4694,1939-08-21
P1839,Ishaan,Nair,78,M,7ce5f61fcc6f626744581659a53277327fd497751709655d8254d5162a0af295,MASKED-1690,XXXXXXXX4884,1948-11-15
P1840,Aditya,Joshi,88,M,fd81b9227c40688cd0c2469a91ca44ab91cf226b0083f7be44aacd0196b260c8,MASKED-5512,XXXXXXXX6417,1938-06-21
P1841,Diya,Das,2,M,94ecec27df09067c79ad276d09675c58ac0d0a8774e0ba3a9e87c75938688cfe,MASKED-1584,XXXXXXXX7149,2024-04-19
P1842,Ira,Banerjee,26,F,c0b3478631a2a8621c2a37510daf2d5038e574af75042ba29708d878034b8e63,MASKED-0042,XXXXXXXX7964,2000-04-09
P1843,Vivaan,Patel,14,F,4a1d9ef303d0f78475ab15e829706876bb9debbd5bd685f02ef09736de40f5f4,MASKED-3949,XXXXXXXX9660,2012-07-02
P1844,Vivaan,Pillai,59,F,f0c2a5a6ec629f820781f7bf3667453eb95ae8eb7264efc2b43efeff89cf24a6,MASKED-4641,XXXXXXXX5056,1967-07-11
P1845,Aadhya,Sharma,56,M,b55c3d07300effe2f04546ce19034b33b1571ae7c96938e265dde5b8cb4f1d54,MASKED-1850,XXXXXXXX2579,1970-08-02
P1846,Vivaan,Verma,7,M,7d157d5d81f2da32a838aa794550366aebf618d991f84ea18e641f9b494c23df,MASKED-0238,XXXXXXXX4857,2019-05-04
P1847,Ananya,Agarwal,3,F,527109cee2d294217f05d27a48bbac4438da72d6046154eb4de27fae2b3352fa,MASKED-9762,XXXXXXXX3817,2023-04-11
P1848,Kavya,Reddy,23,M,9a30ef0a6fd402b52e18b1d3b00d7b390579bde89977ed53b533339340ca2f27,MASKED-4623,XXXXXXXX3257,2003-04-15
P1849,Anika,Nair,18,M,7bc0a21e05a9ab9aaa6932edb6b40c8a85a6aa0a90600b25e83e34e0e44a9875,MASKED-8711,XXXXXXXX6708,2008-01-17
P1850,Aarav,Agarwal,38,F,d7a11f1d2ea66b461d7b050384b8bbebb53224e48c34c4f26a8c0f58c8eb8dd0,MASKED-1423,XXXXXXXX5119,1988-02-18
P1851,Reyansh,Patel,15,F,bb9c368cf09133cc538a1c67f205ababaee2d49b6e1b745d6164a782a70c5074,MASKED-0532,XXXXXXXX4772,2011-11-11
P1852,Sai,Gupta,64,F,eee193cf09245ede31b61e208055e22298446d46387b46461102b0cd362a05cd,MASKED-2752,XXXXXXXX4096,1962-01-01
P1853,Diya,Agarwal,89,F,b596b0fc560cb279654e793c40625af3e27238b06a230cd0018616ee67301354,MASKED-8441,XXXXXXXX9592,1937-04-25
P1854,Kavya,Banerjee,28,M,74229ce07340995ef2608259f10887df481a1d61fe62626618b528b62010caf9,MASKED-9665,XXXXXXXX5155,1998-04-22
P1855,Muhammad,Naidu,74,M,04d2db750b3fd81770940273bafc448509c7d4824fbae3b93333635b0e7a4e39,MASKED-8081,XXXXXXXX7160,1952-08-28
P1856,Diya,Khan,39,F,d4eec5df9b25c8eec92570af70141df8696a4397327b81fa2c4b762985044fae,MASKED-3440,XXXXXXXX1289,1987-12-17
P1857,Ira,Khan,57,M,4d2ee77f341542fe7b16ca5a619b70ea3a10acc6ed7c9692021042784d211fba,MASKED-9890,XXXXXXXX3185,1969-08-09
P1858,Myra,Gupta,17,F,784059942310c55729edf41b1845e1b31051d3842dc7f3b4691b0e2a55d7d540,MASKED-0359,XXXXXXXX4164,2009-04-23
P1859,Shaurya,Khan,86,F,fb685fb873f569876c0d7b163e3e891aebece46758ddb6b15287c891203e3ed3,MASKED-3093,XXXXXXXX2282,1940-12-26
P1860,Sara,Chatterjee,44,M,3058718046f3b635e2f399eef1aaf6c9774cb6ad7894a8f981d1ba52b415af08,MASKED-8307,XXXXXXXX9500,1982-06-01
P1861,Ananya,Mishra,25,F,488aa3338acef674b890310e823340d87463ec92fb57c97fd4644b4c0958ea75,MASKED-7448,XXXXXXXX2105,2001-04-03
P1862,Diya,Joshi,17,M,7aaa80749239e97f7cfc94158e2cd8409bd4bf621f4cac3a59c6515398cec5d9,MASKED-9944,XXXXXXXX4774,2009-03-11
P1863,Diya,Agarwal,13,M,c1970b81eaf9f40c180907b137649df7814bb5f05c9985cc56f72ee186b6d376,MASKED-8259,XXXXXXXX2231,2013-12-04
P1864,Anika,Singh,84,M,cc7fb3cc6e57effdaf2631ddb8374c6c27120ad9b36ad7878eca35ca168e5fc0,MASKED-6848,XXXXXXXX9889,1942-05-25
P1865,Ishaan,Mehta,25,M,f3b235459b7c07d82cc927f463057e5bb00be55a3791012eca1d2c627a77bb37,MASKED-1549,XXXXXXXX0203,2001-03-13
P1866,Ishaan,Gupta,68,F,d70977c0dd1356d5d07bc37d8e08f08cd156aa917f31931a9ce5861c26cfd1b5,MASKED-3453,XXXXXXXX7948,1958-08-04
P1867,Kavya,Das,10,M,db9fbc934e438e48f3f690563b84b08bf5e99ebc248fffd2190bc6d9dc00d7ba,MASKED-4359,XXXXXXXX8415,2016-07-21
P1868,Myra,Patel,67,F,7e282028e833da338b91fc2dcb0d86bf1ec3dac5b34210e1f37cf7fc90e39425,MASKED-8281,XXXXXXXX4768,1959-02-28
P1869,Ira,Reddy,18,F,c180dc58b4b8d6cd51d6871b5edf13ad1251e73a7a553e4d8c68cb0c6331225b,MASKED-4753,XXXXXXXX9298,2008-09-02
P1870,Reyansh,Patel,86,F,e3cedc588637342a43278834f0a44669a7debf25e8a6ff3cdcc0a5f947be1a08,MASKED-7767,XXXXXXXX3289,1940-07-28
P1871,Ananya,Kulkarni,34,F,8409f89192b98f090b9514bfc30e856b00a9e8dfe60310986da05287f850a5cf,MASKED-9054,XXXXXXXX2401,1992-05-23
P1872,Krishna,Joshi,8,M,3834c0413dc69ca8c531b5108128c82ecaf240c09ea0909752f6edf712e3de71,MASKED-8755,XXXXXXXX2362,2018-11-14
P1873,Shaurya,Reddy,40,M,e7995a01212cdddf4766c22b91e3a9df3b4292541b7baf5ebd16c4ac261774de,MASKED-3551,XXXXXXXX2372,1986-11-09
P1874,Muhammad,Naidu,83,F,e175e38aa95cfd820e3ea4da72d44f763cb0e8a11acffa869eb86aee280cac2e,MASKED-2200,XXXXXXXX7418,1943-12-20
P1875,Ishaan, Agarwal,42,F,c3089b54597b0abf2d8f90da7a68ceb9f3193c4988c390ad0405590bdb92a27f,MASKED-4355,XXXXXXXX9274,1984-04-17
P1876,Arjun,Ghosh,41,M,d986dd7f4ab80507625a02327a0efbb212a80377e56204d20922ce86e93caeac,MASKED-2690,XXXXXXXX7396,1985-11-09
P1877,Ananya,Khan,6,F,debeb3128dee6f86d25908e3f20b0620cc5c2a3ae17760e86385f1955869dcd1,MASKED-5640,XXXXXXXX1919,2020-02-04
P1878,Kavya,Sharma,52,M,b62bc3c79a5b45fd216401ceace3c460a623c03da41db4fbc6f5d2e559a5c7e8,MASKED-1319,XXXXXXXX8066,1974-11-01
P1879,Arjun,Kulkarni,26,F,e14439d04bd91b288fef07279d81fabf8578a92b03dfd225bf25286c57472302,MASKED-4873,XXXXXXXX5534,2000-08-26
P1880,Reyansh,Khan,64,M,946d8c8af5a808928ea9bfa81f415b32baaba2dc4fdfe9478a980835ce18a47a,MASKED-3412,XXXXXXXX2715,1962-06-20
P1881,Shaurya,Gupta,59,F,c32a5c022e6ea379f93786848dee0e5ea53ecb8498ab35d00272e6b5a12efd19,MASKED-5950,XXXXXXXX6347,1967-06-11
P1882,Krishna,Ghosh,56,F,af3f90c42f563aa0b654b6f5dcf242f05e9b8c0304566b5ebef9d598c599989c,MASKED-9026,XXXXXXXX8848,1970-09-06
P1883,Riya,Chatterjee,59,M,73e512b4cd22f72d70b244b56e63de75580c72fcd693b142a7e5f759f8f85995,MASKED-6186,XXXXXXXX5626,1967-02-28
P1884,Ananya,Chatterjee,70,F,5bf459afaed961e64db66654875bdf1372b0d876c7c7dc76eec76dd6e7dfa1eb,MASKED-6573,XXXXXXXX7333,1956-04-15
P1885,Ira,Chatterjee,33,F,349fabbf23c306f133fe19bdc3984d21e9e41143a5469f26f3610b772ea76109,MASKED-4107,XXXXXXXX8936,1993-03-28
P1886,Diya,Pillai,53,M,2a4144a4c84c062a7d809e6f371e8f0d301a07ecb2a511a5b6832817c51a57f1,MASKED-0042,XXXXXXXX3585,1973-02-23
P1887,Ira,Gupta,22,F,07a18e10376f1bb226b1034e460e68879626421904d1077e876bd58805405202,MASKED-5406,XXXXXXXX5193,2004-12-12
P1888,Muhammad,Naidu,21,M,c254fb15d9d9644f9d2aa8266b52f3f6408937717bb88231e6283cca0987e855,MASKED-7507,XXXXXXXX6120,2005-09-15
P1889,Aadhya,Patel,70,M,0a9ada0a7f56c5d8cbe10397f369037ace29a998976f40e15a479b04257e5ae8,MASKED-5986,XXXXXXXX0976,1956-12-25
P1890,Reyansh,Sharma,70,F,7113021b8b3e2703403a6938ecbc1dc4cf6cc127d1f3dd81ed5b51f979f2296f,MASKED-6275,XXXXXXXX2339,1956-03-27
P1891,Shaurya,Banerjee,4,F,a1dd57a3eb0a45f93d7dd67b84471451bc074c15ca80ac6d0768f3883a127d85,MASKED-5469,XXXXXXXX6672,2022-06-06
P1892,Aadhya,Mehta,75,F,0eb6f4b2ad9f9a4e0f006bb9bf26558b76e084d89602bebaf78bafa8e24abed4,MASKED-6877,XXXXXXXX3351,1951-06-15
P1893,Ananya,Nair,62,F,1bb121a71dbbdd0b0fb8ae1851808369128cc964168b65dcc11f310238077bc9,MASKED-5151,XXXXXXXX8005,1964-07-10
P1894,Krishna,Naidu,62,F,57f2a4c534bb4b6ab752acd3629c368326ac2274d17ca85f5b1ebbf447c56c90,MASKED-6118,XXXXXXXX1295,1964-10-06
P1895,Riya,Kulkarni,24,F,9f88295b1d3e357688a63e3224f5268ddc6f49e898580fe9e09e271f835da11f,MASKED-0074,XXXXXXXX4152,2002-10-17
P1896,Saanvi,Khan,55,F,96f4a8f29a675b8fa21d6a82e650ea415b37bb03f6ef72563568617311c24c23,MASKED-8745,XXXXXXXX7181,1971-06-08
P1897,Krishna,Mehta,9,M,0b5c4321748cbf6e659f5f5a4dd4d3d52eeca5f7762fba56d093f38024f4fb50,MASKED-8928,XXXXXXXX1815,2017-09-19
P1898,Shaurya,Singh,3,F,4f71d79072089f27b1b814f1679491b8f08c1ca9d8b100072bf1ec43ac417c8b,MASKED-0386,XXXXXXXX6666,2023-02-16
P1899,Shaurya,Ghosh,31,M,067c2f2de66df8bfb0d4865d7a16ce6b470b2c0a61fadc34120bc88478e40846,MASKED-1137,XXXXXXXX0803,1995-02-10
P1900,Riya,Iyer,40,F,3b9b559e39872cf9822cf01331bd3c33445331aa58e7dd5f0c36ac6d21789410,MASKED-5959,XXXXXXXX5806,1986-12-17
P1901,Aarav,Patel,36,F,1a3c01a03b91eba92fd5aa38ec0d1fbb08aa40e597bfb5f04a40758e99124469,MASKED-1415,XXXXXXXX1373,1990-10-21
P1902,Vivaan,Pillai,24,M,3cf824ae60319b68eede3ea0c05f0b031d2145e5abf0e4f451f1a92fbd3883ad,MASKED-9511,XXXXXXXX6356,2002-01-05
P1903,Aarav,Nair,6,F,7a77921c3deb15ba541d6f231cc816109265537ae6838d84c7454bdc156661ab,MASKED-3742,XXXXXXXX6664,2020-04-27
P1904,Shaurya,Joshi,66,F,dd33c9bde4128cd33f5c2e6b65809ac77cf4f2b99708bd6e02f0e85617beb66c,MASKED-4283,XXXXXXXX1271,1960-03-18
P1905,Vivaan, Pillai,84,M,8d118b7fabff53d034419ff16349358a4bd30fd7715523da5be50d5cce08a6c3,MASKED-8747,XXXXXXXX1163,1942-02-18
P1906,Sai,Chatterjee,75,F,0fe5a6762b726e8dcba8ac374a4acfb3fde20ec92de7eb548fc2c83ad0a236f8,MASKED-5484,XXXXXXXX0902,1951-06-28
P1907,Sai,Sharma,4,F,877ef3626ad77a35605d474585c334de2713bbdc2d91278a9e5e0a09518213a2,MASKED-5498,XXXXXXXX1323,2022-06-22
P1908,Aadhya,Sharma,79,F,b5de53cb5eba81da40f9dfddb70ccf72b4175ec401460c525fc35c6d66303e53,MASKED-6016,XXXXXXXX8501,1947-11-03
P1909,Ananya,Chatterjee,6,M,b6f91c3ca9e932a218e2a0e56675929654c7e06c7b2c0495f19682e9ecbe8298,MASKED-1903,XXXXXXXX6090,2020-07-25
P1910,Krishna,Sharma,51,F,24478762d93620872a7e8f1e9fbd8d803a13a9c0621a8d797ef27580c3986ea0,MASKED-4444,XXXXXXXX4967,1975-12-08
P1911,Shaurya,Joshi,62,F,e40d06b93e95dbf1d42e765ee6c6319917890af4b7b187d022d894795955259a,MASKED-7962,XXXXXXXX4264,1964-03-12
P1912,Diya, kulkarni,57,F,f5c78c901ab44836951aa7c79e7edc2275a906a0faaacfc8717349194cec9e80,MASKED-5867,XXXXXXXX2536,1969-07-14
P1913,Ananya,Nair,66,F,e44a483acfd8b12a8abb5ce3ab77c89a8ea8617e08f1197b328abb8b00170441,MASKED-6118,XXXXXXXX1874,1960-10-14
P1914,Diya,Banerjee,79,M,e3ecce1d5051bea29b9a613e1bb059263c8456d77bf0374dd819493c3fdcd899,MASKED-3248,XXXXXXXX0369,1947-11-06
P1915,Sai,Patel,75,M,e713056c97b19613d353f81be7a41e806b1bfe4282c2000db3bd603afd8a7aff,MASKED-4209,XXXXXXXX2759,1951-10-17
P1916,Myra,Das,8,F,83da40cc6b2ebd1c423526e79922dac5d0895fea598b01750b2ed00e053b2249,MASKED-4295,XXXXXXXX5323,2018-05-27
P1917,Krishna,Gupta,26,F,cfe7e275267f3bdd150c7edf3987fc454c1190849bbd1751912630f414586e5e,MASKED-9920,XXXXXXXX1822,2000-03-14
P1918,Ananya,Ghosh,51,M,9658ad3dd71aa24466d80f1d333f2e75a54a7ff0a6f2509cae37f6dea12079da,MASKED-2308,XXXXXXXX1026,1975-08-13
P1919,Aarav,Iyer,45,M,8907faeda31a668a0794c847a29d83d1127d5cd3824ba6ebb941643951b2297f,MASKED-8262,XXXXXXXX0795,1981-06-03
P1920,Reyansh,Agarwal,44,F,b0251c838221dbfe5f6855827f0433174b5d379536fa908339e72a3e789bff50,MASKED-5140,XXXXXXXX4159,1982-08-01
P1921,Ishaan,Chatterjee,5,M,7974c2f6be786b4366a81beccccf5d73328935b7a780808c6dcadecceba129ed,MASKED-6961,XXXXXXXX5203,2021-12-10
P1922,Aditya,Ghosh,70,F,68de5992805fb77a62039187197bf259ab0eb6ab08906d6b4bb3a6a7a28a0131,MASKED-6172,XXXXXXXX2909,1956-01-10
P1923,Sai,Gupta,26,M,f85da765f5bf1607335b6352bc96369f5529089507a8954337c298c2cfd47eb2,MASKED-8545,XXXXXXXX6652,2000-06-24
P1924,Anika,Reddy,68,M,520c9976b6327cd96786cebae6c83fe65fc04e75846cce11aea8357e4e4dec7e,MASKED-7670,XXXXXXXX0213,1958-02-06
P1925,Diya,Naidu,19,M,d57c419b6ec46f9e5d4156a06bddfcbefeb8f2ed186f6bb80988dc6a97853df4,MASKED-2816,XXXXXXXX1297,2007-11-28
P1926,Krishna,Iyer,84,M,795d514c18319f2422d460c566e901915edf9272410acec7b8baaead7bd8a730,MASKED-6858,XXXXXXXX0633,1942-01-23
P1927,Sai,Reddy,20,F,d7557f5469fce739ec06ddcbb8893437a35b4e9ab3f8b21851403eaabb399a9c,MASKED-2199,XXXXXXXX4907,2006-03-17
P1928,Shaurya,Agarwal,12,M,fd35a2c619635bca95ba3adad686c290b031ad7509085b38a84c8ff566a16ff0,MASKED-8473,XXXXXXXX3253,2014-03-13
P1929,Aarav,Sharma,47,M,d83705b23c247b08b4a21a0c622cae6b286c4c0a748bc0a421dbdebf28b0839f,MASKED-3649,XXXXXXXX8044,1979-03-03
P1930,Vivaan,Gupta,1,F,e19c2974759fbc576197a68dc7899d40baca6f9e805def80910fef76bc5a027e,MASKED-5834,XXXXXXXX5959,2025-11-03
P1931,Arjun, Verma,14,M,cb66e8501c99c85fa6cd2046b726925a4601b87d0a989a751c3f2c09a99478ba,MASKED-0209,XXXXXXXX5833,2012-10-06
P1932,Ira,Gupta,64,M,3e83203f408c4252571d8cc60b8d1a03b0e4d11034092df39e3ddfb658bd3b1d,MASKED-2108,XXXXXXXX2310,1962-07-16
P1933,Ira,Khan,38,F,f551dd2049408b402a72c07db4ecbe6a9a5502d372be5e557c546155ab3e4f51,MASKED-9456,XXXXXXXX3379,1988-12-16
P1934,Shaurya,Verma,37,M,364cd90dcc8d457d59b22c0067cee849fe97424a37921c0f7b2295303c8d3716,MASKED-6116,XXXXXXXX4238,1989-08-26
P1935,Myra,Kulkarni,11,F,7892334773f76a17359b92e834d33cf03001c9ef11304e2614c88e2e3d1ee20a,MASKED-7747,XXXXXXXX1928,2015-05-11
P1936,Riya,Verma,77,F,f49d63726b3f1403fde38c071edebac2e28548a2d0c451e8bcdc13fc80778b79,MASKED-0123,XXXXXXXX3535,1949-11-16
P1937,Anika,Gupta,3,F,2d5a3057080c61c4074f9acdfa915da45a636854d5973469a56c6118e035e0eb,MASKED-5036,XXXXXXXX3379,2023-08-01
P1938,Reyansh,Joshi,33,F,85fd957683532ca06c2a3ac381cafee7b87f510613f5ef6710555a0c67d9db5a,MASKED-0771,XXXXXXXX4176,1993-04-26
P1939,Reyansh,Mishra,6,M,d47db1d99d86a34180a20f5d25e8f97a31d8149d6e2eadc97fb8409f133e19fd,MASKED-8439,XXXXXXXX7824,2020-06-16
P1940,Reyansh,Reddy,50,F,60c89a672f2b20e64f633e854d4db4805edb8f30c620f10201e564a2ac30ad2c,MASKED-9762,XXXXXXXX8436,1976-07-23
P1941,Riya,Naidu,10,M,e368f34e2a42e498b879a6489abe26a70d1fd7f8fb029bfb9529833de7ff22b8,MASKED-3602,XXXXXXXX7276,2016-09-06
P1942,Riya,Pillai,5,M,71140fdb3bb393353425bfe9ddd0d1425ba10c45a7942aedd0d6f7ca054b55e5,MASKED-1910,XXXXXXXX4292,2021-06-01
P1943,Shaurya,Naidu,23,M,b6ee0c6b3b563f760a00dac36effc0aa455feacf9cdf946e26e7a661358aedc3,MASKED-7550,XXXXXXXX6562,2003-06-20
P1944,Riya,Gupta,10,M,2c9db39c9810d30d9a1e172e653f453b70cdb09f355eab8e8e42ee9dfb7c58f0,MASKED-7555,XXXXXXXX1221,2016-09-06
P1945,Riya,Verma,44,M,47529e711f8a899d9aaac004a449ac8b797e520a01c213d8f44b5440c30a66d0,MASKED-5227,XXXXXXXX0800,1982-11-27
P1946,Aditya,Mehta,2,M,ac10338d7c4bfb48905cfbfefbebfddc507c48634d426d783bb3efbb0ed4dda9,MASKED-1106,XXXXXXXX6608,2024-05-16
P1947,Muhammad,Sharma,13,M,cec5caa4550f67484cd6eab061fb0499f697f4bbef9937f43e5ac03a7e4b06d2,MASKED-1380,XXXXXXXX7051,2013-10-12
P1948,Ishaan,Verma,40,M,885a9a476f278f3cca0a73f6f752e9690eb3229505e79c28543c423c5d93de55,MASKED-0378,XXXXXXXX5862,1986-04-25
P1949,Saanvi,Ghosh,2,M,611aea8e9fbc7f4b103a381030cdf72b5b2a42fbe5c23d34f6c4d6c5022836fe,MASKED-1333,XXXXXXXX7986,2024-04-06
P1950,Arjun,Mehta,84,M,681a49f112d2defc4abcec577705c7cfbff183d8515bf011daf54754bf46626d,MASKED-3480,XXXXXXXX5703,1942-10-27
P1951,Vivaan,Banerjee,65,F,67667605227381c8db40c49951d43b0fbc77ba601ecebf5815c808b1958c89a4,MASKED-8785,XXXXXXXX6576,1961-10-25
P1952,Myra,Das,63,F,f3d7d715512d43d90df5b4eb20446fb5eefe55524ae2bf3bbe2f39edd3088442,MASKED-4596,XXXXXXXX0900,1963-05-01
P1953,Kavya,Iyer,73,F,da2aaf16e841752933c7e4938d53a07156c1adb548e22955a22fe747127651e2,MASKED-7590,XXXXXXXX5146,1953-11-01
P1954,Anika,Agarwal,17,M,97a11f39bf75a3b20482aa306834f0ab44272e213c3526134ce7659771253fb4,MASKED-1181,XXXXXXXX2011,2009-12-08
P1955,Aarav,Das,9,F,65059a221ce8f175d032b70505c06539faedb1a49841d65ce6a3a47b2cacfb40,MASKED-2059,XXXXXXXX6007,2017-07-27
P1956,Aarav,Iyer,75,F,8772790bc1a98f0132ff46e9482a75716fbeb05e75f0d1b792c204111f0de3ee,MASKED-9395,XXXXXXXX4043,1951-04-23
P1957,Ishaan,Verma,15,F,f58aa1b150a7b26cd9f3e52969feda061efedb878ccfe3f66e83b0f83411d195,MASKED-7845,XXXXXXXX5195,2011-08-27
P1958,Arjun,Ghosh,24,M,226ce3c7e44483fb6d0c0d2966437083c5cbfe2c320007c5a698ffc18705e3b7,MASKED-2887,XXXXXXXX9657,2002-06-25
P1959,Sai,Khan,38,M,d89f7ee11f217eb7899d5bca4becf17959a5993f2031332ac0a19636500b395c,MASKED-0101,XXXXXXXX2557,1988-08-25
P1960,Kavya,Mishra,35,M,237c92e506020cdf7cf7a1a834641c6afb658dcdb23ba62fa91913fd915706ad,MASKED-8616,XXXXXXXX2361,1991-07-04
P1961,Muhammad,Iyer,49,M,50e41ce1c32ccbf92d6cdcfcc995d998a033dea26b8817e2e01949e5223a8a2f,MASKED-2800,XXXXXXXX7155,1977-09-13
P1962,Krishna,Singh,69,F,00085573a0baa23f5dd41f9699815dfdf96779ba152a92f562829aa2ad9d9594,MASKED-6149,XXXXXXXX0817,1957-03-03
P1963,Sara,Pillai,62,F,acb8cd7254f70756c7da8635a7de2a31c2caa22f5d8dee0af5d4f9877ccba94c,MASKED-4685,XXXXXXXX0413,1964-03-27
P1964,Shaurya,Verma,60,F,4b6262c8d7f7c73e85416dd9d2d19490b7dcdd594ade0f66fee29ccdd2cc3f5a,MASKED-2580,XXXXXXXX5653,1966-05-14
P1965,Aarav,Banerjee,50,F,3d9e8df509ffb3750407b2b438c256087e916ee8ad8f22369f32cc2ef3c4e886,MASKED-1852,XXXXXXXX0476,1976-09-25
P1966,Riya,Singh,78,M,c24976a5a01bdc0ffc20dfce6e7d6b55f5ef39ea2a5863d548c67eb769df92bc,MASKED-9106,XXXXXXXX1748,1948-02-03
P1967,Ananya,Iyer,75,M,fecea918f9c2d9fa502d27726703dd43c019973205cca30a9ec785587ce68518,MASKED-5591,XXXXXXXX8739,1951-07-04
P1968,Shaurya,Patel,9,M,ecd3d32a1aa71d91f84c7275aa7fb6dac1a66f7c0924ecf282399a52d28cab8f,MASKED-9607,XXXXXXXX9680,2017-05-19
P1969,Shaurya,Chatterjee,34,F,5833d45361d94c1fe82b3f40cca8dfd04ce55d4aba7fe9fe386c32c190b8c682,MASKED-3752,XXXXXXXX1213,1992-08-16
P1970,Vivaan,Verma,76,M,e68c068c86261d375bd01895afdaa7fa86530d61c706b5819f8d71bb074dc379,MASKED-4153,XXXXXXXX7371,1950-02-06
P1971,Vivaan,Ghosh,35,M,a7b668e17e7b5b0dcc8b2ba9aeab05a9b0731de958ac1c081f48374d40d594e2,MASKED-1620,XXXXXXXX8581,1991-07-16
P1972,Aditya,Joshi,1,F,af8292782c5a9ba1abf83c10e5ce2a768d3503258563e48ab5391569345632b7,MASKED-4025,XXXXXXXX6832,2025-02-01
P1973,Kavya,Mishra,40,F,1b0d26bc329301df6d936f1e882ab4fac91ab534d2ff231167a0c91c88bfe425,MASKED-4480,XXXXXXXX1296,1986-02-18
P1974,Kavya,Mishra,64,M,c62c0482be6d4598c0ac30ed395e15bb3370722acbe451618350a48160d40d15,MASKED-6098,XXXXXXXX0184,1962-10-17
P1975,Riya,Patel,22,M,0bcc6a35eaa17be3b1badc233319345a8c5f74b1976ece0d9f69a43c3cb32c0c,MASKED-0408,XXXXXXXX7312,2004-07-18
P1976,Reyansh,Khan,60,M,13c1d26ee5751526d2949b576cb3614b88d58e99204ecb8e1d520f52d2c9d87e,MASKED-6986,XXXXXXXX2365,1966-04-27
P1977,Shaurya,Joshi,64,M,f250b5227c22b6e768046308c762d985b4ab110e24d34dc4f039dd2a8394b357,MASKED-3412,XXXXXXXX7932,1962-08-20
P1978,Vivaan,Sharma,72,M,f7c8ce0a04912bdb365897aae8feedb1fda13f0c0c52a5cca672172e51ccc81c,MASKED-1192,XXXXXXXX9061,1954-09-03
P1979,Kavya,Gupta,11,M,7539077e4d1fbbd6ef208380927c16fae45e4597e695c9912ea3ee2e7b932d72,MASKED-0295,XXXXXXXX5478,2015-08-13
P1980,Arjun,Ghosh,14,F,1a544aa896da91a6ae3cba9a960740e77de6f1a14681beeab1ae0cd504acd8fa,MASKED-7212,XXXXXXXX4444,2012-10-17
P1981,Diya,Gupta,60,F,67ea9e73c68692f7de7a25a6673df9042c4f1d08f953c3900e636e00525852fb,MASKED-8818,XXXXXXXX6449,1966-07-22
P1982,Aadhya,Das,30,F,0c5f04ccd958879fb3d40975438e86a5f2fb66f3e2e8452a505cbaf752e7a5f2,MASKED-3389,XXXXXXXX9821,1996-12-24
P1983,Muhammad,Khan,35,M,825b599c95913451039ba7cf6c7d1f9b7c347fe754fbefbbd3ea13aacf5f986f,MASKED-8137,XXXXXXXX7789,1991-05-17
P1984,Ishaan,Singh,85,F,261a5a2ca768cf6860878bd14d383b5240af48c60537984a95b3ed6acde65ab2,MASKED-8650,XXXXXXXX6512,1941-03-04
P1985,Aadhya,Nair,37,M,3c4f5e2086ca5b4650c4399db3c94ef4e9132f6c4a154d5effd3c9ac69a485ac,MASKED-0578,XXXXXXXX6309,1989-01-01
P1986,Diya,Khan,5,M,34c2e2e688b708cf330fde75bc295729d61652076e9dd2004384127ca2f6c4cc,MASKED-8394,XXXXXXXX1994,2021-08-04
P1987,Saanvi,Patel,83,F,e78c67fe138e047b0927dcad5c3fae551ec18f79a70194946df61304247cd77e,MASKED-1041,XXXXXXXX1034,1943-07-19
P1988,Kavya,Iyer,78,M,c5e260177fb12163b633df4a38551f0f3130842bfa54215799a5dbd244a0cfd8,MASKED-6243,XXXXXXXX6960,1948-09-25
P1989,Reyansh,Chatterjee,26,M,2876fa13e9cba613af9fb045e47ca93b31c616f03f921b9967d4b9a7c6d2ff0f,MASKED-2352,XXXXXXXX9679,2000-04-12
P1990,Arjun,Agarwal,62,F,34b39dd22bf257e66c77d33a6a3c6a39e5f5923e9b554d2bbe7674e4583f1b32,MASKED-8953,XXXXXXXX4343,1964-07-20
P1991,Aarav,Sharma,4,F,0b0ee47f9bd0462c231cb5784dfe968249ef5e36b78feb092f1007602457d8b7,MASKED-5354,XXXXXXXX5607,2022-07-24
P1992,Diya,Singh,89,F,b331e8520bb4252bde0f92260f5d8b8bd7bc0686833ac958b13210a30c65a04b,MASKED-9636,XXXXXXXX8041,1937-09-09
P1993,Muhammad,Naidu,42,M,36114c8a27cf02736e409e086d66356c4c12278d20f293d4c1e79b1993f4fa68,MASKED-0435,XXXXXXXX8131,1984-10-02
P1994,Diya,Kulkarni,89,F,e99aa734d568e262b1bd8e206e6aebb4c7202e258734cd427011e41cd0b9e1ec,MASKED-8553,XXXXXXXX1114,1937-03-18
P1995,Arjun,Verma,18,F,a36e2ac6fb244129e222801ff6b2ab3ffa833e5817d926bc32427cc3d6dafbf5,MASKED-0502,XXXXXXXX9473,2008-08-06
P1996,Ira,Nair,40,M,b14774586a2ce69e0268d6a6eb1603cbbdfe1128d89bb374dcd16d75b7db27e4,MASKED-9487,XXXXXXXX8768,1986-09-24
P1997,Aadhya,Reddy,72,F,642f73b079da0fb1b55ec23f1c6b84755567f7f905ed6eec154a906f36e7307b,MASKED-0262,XXXXXXXX2872,1954-01-07
P1998,Shaurya,Kulkarni,39,F,a1b7ca7633d7d62fa69d8f5a0e838d0851348395fa5d084ae557a73ecfa32d30,MASKED-9851,XXXXXXXX5730,1987-04-14
P1999,Ananya,Pillai,14,F,56ee74e551d343ed99180bbeea863042facf0b79a9e2e5a26634f0a8a1308657,MASKED-9290,XXXXXXXX4767,2012-12-15
