booking_id,passenger_key,flight_id,booking_date,status,seat_number,passport_number,emergency_contact_phone,payment_amount,payment_method,is_amount_imputed,payment_attempt_count,payment_status
B1000,P1591,AI192,2025-06-14 11:37:36.951,CANCELLED,3D,P*****87,MASKED-5128,,,,,NO_PAYMENT_RECORD
B1001,P1803,6F026,2025-11-02 11:37:36.951,CANCELLED,18A,L*****12,MASKED-8662,,,,,NO_PAYMENT_RECORD
B1002,P1083,SJ010,2025-08-25 11:37:36.951,CANCELLED,30C,G*****59,MASKED-8220,2505.86,NETBANKING,False,2.0,PAYMENT_RECORDED
B1003,P1364,AI069,2025-12-30 11:37:36.951,CONFIRMED,33A,M*****76,MASKED-6839,,,,,NO_PAYMENT_RECORD
B1004,P1885,UK003,2025-10-02 11:37:36.951,PENDING,25C,N*****31,MASKED-8266,12222.48,UPI,False,1.0,PAYMENT_RECORDED
B1005,P1548,AI048,2025-08-31 11:37:36.951,CONFIRMED,13D,B*****69,MASKED-2726,13378.9,UPI,False,1.0,PAYMENT_RECORDED
B1006,P1341,AI140,2025-06-29 11:37:36.951,CANCELLED,17F,W*****20,MASKED-7864,14980.37,NETBANKING,False,1.0,PAYMENT_RECORDED
B1007,P1838,UK167,2026-03-12 11:37:36.951,CONFIRMED,22E,C*****17,MASKED-5776,,,,,NO_PAYMENT_RECORD
B1008,P1406,AI245,2025-09-07 11:37:36.951,PENDING,34F,J*****82,MASKED-8807,,,,,NO_PAYMENT_RECORD
B1009,P1424,SJ158,2025-04-28 11:37:36.951,CANCELLED,33C,Y*****45,MASKED-6278,,,,,NO_PAYMENT_RECORD
B1010,P1743,AI155,2025-11-24 11:37:36.951,CONFIRMED,15B,N*****28,MASKED-9414,8158.17,NETBANKING,True,1.0,PAYMENT_RECORDED
B1011,P1092,AI179,2025-10-25 11:37:36.951,CONFIRMED,22C,E*****66,MASKED-6153,2115.18,CARD,False,1.0,PAYMENT_RECORDED
B1012,P1847,AI137,2025-08-15 11:37:36.951,PENDING,28B,F*****66,MASKED-6860,6979.86,CARD,False,4.0,PAYMENT_RECORDED
B1013,P1613,SJ001,2025-07-20 11:37:36.951,CONFIRMED,26E,A*****77,MASKED-6561,1176.33,UPI,False,1.0,PAYMENT_RECORDED
B1014,P1411,SJ172,2025-09-15 11:37:36.951,PENDING,21E,P*****52,MASKED-9979,,,,,NO_PAYMENT_RECORD
B1015,P1431,UK094,2025-10-21 11:37:36.951,UNKNOWN,6F,D*****67,MASKED-5012,7601.56,CARD,False,2.0,PAYMENT_RECORDED
B1016,P1677,UK027,2026-01-13 11:37:36.951,CANCELLED,6A,A*****55,MASKED-0204,9724.26,NETBANKING,False,2.0,PAYMENT_RECORDED
B1017,P1158,UK067,2026-04-04 11:37:36.951,CONFIRMED,13B,L*****90,MASKED-8257,,,,,NO_PAYMENT_RECORD
B1018,P1013,6F196,2026-03-25 11:37:36.951,CANCELLED,19B,T*****81,MASKED-0106,2588.63,UPI,False,1.0,PAYMENT_RECORDED
B1019,P1372,6F164,2025-07-31 11:37:36.951,CANCELLED,19A,Y*****93,MASKED-0835,3810.73,CARD,False,3.0,PAYMENT_RECORDED
B1020,P1224,SJ112,2025-12-06 11:37:36.951,CONFIRMED,27B,F*****46,MASKED-6249,8150.35,NETBANKING,False,1.0,PAYMENT_RECORDED
B1021,P1504,6F190,2025-12-07 11:37:36.951,CANCELLED,4E,L*****01,MASKED-0161,6949.93,UPI,False,1.0,PAYMENT_RECORDED
B1022,P1072,AI080,2026-03-25 11:37:36.951,CONFIRMED,16F,D*****55,MASKED-7221,,,,,NO_PAYMENT_RECORD
B1023,P1248,6F213,2026-02-03 11:37:36.951,PENDING,24B,P*****70,MASKED-9325,13057.27,CARD,False,1.0,PAYMENT_RECORDED
B1024,P1510,AI115,2025-06-21 11:37:36.951,PENDING,30F,M*****27,MASKED-8072,4857.79,UPI,False,1.0,PAYMENT_RECORDED
B1025,P1602,SJ049,2026-03-18 11:37:36.951,PENDING,1B,L*****92,MASKED-2966,14501.45,CARD,False,3.0,PAYMENT_RECORDED
B1026,P1215,AI058,2025-06-27 11:37:36.951,CONFIRMED,32C,C*****38,MASKED-6345,11188.7,UPI,False,2.0,PAYMENT_RECORDED
B1027,P1972,UK036,2025-07-25 11:37:36.951,CONFIRMED,22A,F*****95,MASKED-0795,7503.17,UPI,False,1.0,PAYMENT_RECORDED
B1028,P1601,SJ239,2025-05-25 11:37:36.951,CANCELLED,26E,V*****48,MASKED-0757,,,,,NO_PAYMENT_RECORD
B1029,P1540,6F025,2025-06-06 11:37:36.951,CANCELLED,19C,B*****70,MASKED-4016,,,,,NO_PAYMENT_RECORD
B1030,P1946,6F236,2026-03-18 11:37:36.951,CANCELLED,21E,X*****93,MASKED-1429,,,,,NO_PAYMENT_RECORD
B1031,P1816,AI060,2025-11-16 11:37:36.951,CANCELLED,1E,J*****64,MASKED-3949,7056.42,CARD,False,1.0,PAYMENT_RECORDED
B1032,P1938,UK021,2025-09-03 11:37:36.951,CANCELLED,18E,H*****01,MASKED-8599,,,,,NO_PAYMENT_RECORD
B1033,P1987,UK026,2025-05-06 11:37:36.951,UNKNOWN,19A,V*****38,MASKED-4041,7723.56,UPI,False,3.0,PAYMENT_RECORDED
B1034,P1219,SJ179,2025-12-31 11:37:36.951,CONFIRMED,22F,W*****61,MASKED-0606,,,,,NO_PAYMENT_RECORD
B1035,P1839,6F251,2025-08-21 11:37:36.951,PENDING,11D,A*****46,MASKED-1517,,,,,NO_PAYMENT_RECORD
B1036,P1726,SJ149,2025-11-24 11:37:36.951,PENDING,5B,F*****81,MASKED-3647,5144.89,CARD,False,1.0,PAYMENT_RECORDED
B1037,P1220,AI188,2026-03-20 11:37:36.951,PENDING,33E,H*****51,MASKED-5418,,,,,NO_PAYMENT_RECORD
B1038,P1388,SJ093,2026-01-01 11:37:36.951,PENDING,12D,D*****15,MASKED-6192,,,,,NO_PAYMENT_RECORD
B1039,P1553,SJ205,2025-08-21 11:37:36.951,CONFIRMED,11E,J*****25,MASKED-9854,9866.37,CARD,False,3.0,PAYMENT_RECORDED
B1040,P1646,6F099,2025-08-08 11:37:36.951,CONFIRMED,26B,Z*****18,MASKED-5230,,,,,NO_PAYMENT_RECORD
B1041,P1041,UK176,2025-05-28 11:37:36.951,CONFIRMED,25C,Y*****87,MASKED-6035,9750.27,NETBANKING,False,2.0,PAYMENT_RECORDED
B1042,P1675,UK200,2025-12-02 11:37:36.951,CANCELLED,24F,B*****50,MASKED-5890,14402.39,CARD,False,1.0,PAYMENT_RECORDED
B1043,P1872,6F195,2025-11-22 11:37:36.951,CANCELLED,8E,A*****98,MASKED-1388,8291.6,UPI,False,1.0,PAYMENT_RECORDED
B1044,P1282,6F174,2026-04-12 11:37:36.951,PENDING,16C,T*****05,MASKED-0954,1199.88,UPI,False,1.0,PAYMENT_RECORDED
B1045,P1057,SJ214,2026-03-19 11:37:36.951,UNKNOWN,18C,B*****62,MASKED-3432,8158.17,NETBANKING,True,3.0,PAYMENT_RECORDED
B1046,P1813,UK059,2025-10-14 11:37:36.951,CONFIRMED,2C,V*****60,MASKED-1874,12592.83,UPI,False,2.0,PAYMENT_RECORDED
B1047,P1833,6F151,2025-12-29 11:37:36.951,PENDING,7C,C*****51,MASKED-4608,,,,,NO_PAYMENT_RECORD
B1048,P1536,SJ236,2025-09-19 11:37:36.951,PENDING,18C,D*****30,MASKED-4278,,,,,NO_PAYMENT_RECORD
B1049,P1072,SJ153,2025-07-28 11:37:36.951,INVALID,3C,W*****16,MASKED-3067,,,,,NO_PAYMENT_RECORD
B1050,P1884,AI220,2026-01-15 11:37:36.951,PENDING,7D,L*****90,MASKED-4482,13350.33,NETBANKING,False,1.0,PAYMENT_RECORDED
B1051,P1922,6F028,2025-07-05 11:37:36.951,CANCELLED,16A,M*****98,MASKED-6443,10875.08,CARD,False,1.0,PAYMENT_RECORDED
B1052,P1128,UK209,2025-12-30 11:37:36.951,CANCELLED,33B,F*****22,MASKED-6326,9827.3,CARD,False,1.0,PAYMENT_RECORDED
B1053,P1598,UK216,2026-04-01 11:37:36.951,PENDING,28B,V*****30,MASKED-5009,3081.42,CARD,False,2.0,PAYMENT_RECORDED
B1054,P1841,AI132,2026-04-11 11:37:36.951,CANCELLED,19C,V*****69,MASKED-8191,,,,,NO_PAYMENT_RECORD
B1055,P1425,6F012,2025-10-14 11:37:36.951,CANCELLED,13F,D*****16,MASKED-7684,,,,,NO_PAYMENT_RECORD
B1056,P1947,UK173,2026-03-24 11:37:36.951,CANCELLED,15B,E*****20,MASKED-6381,8025.265,CARD,True,2.0,PAYMENT_RECORDED
B1057,P1664,SJ047,2025-08-20 11:37:36.951,CANCELLED,14F,C*****90,MASKED-4263,10224.13,CARD,False,2.0,PAYMENT_RECORDED
B1058,P1693,SJ043,2025-12-07 11:37:36.951,PENDING,8C,A*****22,MASKED-4081,,,,,NO_PAYMENT_RECORD
B1059,P1124,UK140,2026-01-03 11:37:36.951,CONFIRMED,23B,N*****36,MASKED-0433,10839.07,UPI,False,1.0,PAYMENT_RECORDED
B1060,P1066,6F086,2025-12-30 11:37:36.951,CONFIRMED,11A,T*****67,MASKED-7113,11681.98,UPI,False,1.0,PAYMENT_RECORDED
B1061,P1005,6F114,2026-04-05 11:37:36.951,CANCELLED,19C,R*****42,MASKED-7530,12722.62,NETBANKING,False,3.0,PAYMENT_RECORDED
B1062,P1636,UK153,2025-06-12 11:37:36.951,CANCELLED,15D,A*****54,MASKED-7050,,,,,NO_PAYMENT_RECORD
B1063,P1313,6F149,2025-05-19 11:37:36.951,CANCELLED,9A,J*****37,MASKED-0081,,,,,NO_PAYMENT_RECORD
B1064,P1325,UK145,2025-09-14 11:37:36.951,CONFIRMED,24E,T*****14,MASKED-2918,14413.72,UPI,False,1.0,PAYMENT_RECORDED
B1065,P1564,UK010,2026-03-06 11:37:36.951,CANCELLED,7B,D*****19,MASKED-8991,,,,,NO_PAYMENT_RECORD
B1066,P1577,SJ003,2025-11-05 11:37:36.951,PENDING,1B,H*****78,MASKED-8025,,,,,NO_PAYMENT_RECORD
B1067,P1825,SJ160,2025-07-23 11:37:36.951,PENDING,7F,W*****32,MASKED-9825,5374.84,NETBANKING,False,3.0,PAYMENT_RECORDED
B1068,P1505,UK224,2025-11-22 11:37:36.951,PENDING,23A,P*****99,MASKED-9882,5274.94,NETBANKING,False,1.0,PAYMENT_RECORDED
B1069,P1081,UK152,2025-08-02 11:37:36.951,CONFIRMED,16E,Y*****57,MASKED-6369,14992.95,UPI,False,1.0,PAYMENT_RECORDED
B1070,P1598,SJ034,2025-09-22 11:37:36.951,CANCELLED,15D,H*****92,MASKED-3428,5631.13,NETBANKING,False,1.0,PAYMENT_RECORDED
B1071,P1001,UK215,2025-12-21 11:37:36.951,CANCELLED,15F,R*****72,MASKED-0870,,,,,NO_PAYMENT_RECORD
B1072,P1203,UK089,2025-08-10 11:37:36.951,CANCELLED,18F,M*****61,MASKED-2708,,,,,NO_PAYMENT_RECORD
B1073,P1661,6F180,2025-12-04 11:37:36.951,CONFIRMED,16A,C*****49,MASKED-4571,,,,,NO_PAYMENT_RECORD
B1074,P1804,6F188,2025-09-25 11:37:36.951,CONFIRMED,7A,J*****65,MASKED-6104,,,,,NO_PAYMENT_RECORD
B1075,P1403,UK131,2026-01-03 11:37:36.951,CONFIRMED,2F,J*****82,MASKED-7796,,,,,NO_PAYMENT_RECORD
B1076,P1102,UK055,2025-05-04 11:37:36.951,CONFIRMED,12B,X*****30,MASKED-9350,8247.5,CARD,False,1.0,PAYMENT_RECORDED
B1077,P1535,UK181,2025-05-03 11:37:36.951,PENDING,3A,E*****92,MASKED-9292,8279.97,CARD,False,2.0,PAYMENT_RECORDED
B1078,P1367,6F077,2025-09-21 11:37:36.951,CONFIRMED,1B,Z*****76,MASKED-0016,,,,,NO_PAYMENT_RECORD
B1079,P1211,SJ085,2025-06-03 11:37:36.951,CONFIRMED,10D,W*****31,MASKED-8019,,,,,NO_PAYMENT_RECORD
B1080,P1576,SJ023,2025-06-05 11:37:36.951,CONFIRMED,22D,H*****99,MASKED-0958,14564.92,CARD,False,2.0,PAYMENT_RECORDED
B1081,P1960,SJ202,2025-11-13 11:37:36.951,CANCELLED,29C,Y*****29,MASKED-8400,,,,,NO_PAYMENT_RECORD
B1082,P1208,SJ150,2025-09-09 11:37:36.951,CANCELLED,30A,Y*****68,MASKED-4669,,,,,NO_PAYMENT_RECORD
B1083,P1762,SJ116,2025-05-12 11:37:36.951,CANCELLED,9A,E*****76,MASKED-4087,6777.38,NETBANKING,False,1.0,PAYMENT_RECORDED
B1084,P1896,6F270,2025-06-14 11:37:36.951,PENDING,16E,H*****81,MASKED-8688,,,,,NO_PAYMENT_RECORD
B1085,P1116,UK150,2026-03-24 11:37:36.951,PENDING,12A,V*****82,MASKED-9329,11410.8,NETBANKING,False,1.0,PAYMENT_RECORDED
B1086,P1627,SJ237,2026-02-16 11:37:36.951,CONFIRMED,5D,G*****97,MASKED-3483,1169.75,UPI,False,2.0,PAYMENT_RECORDED
B1087,P1748,AI221,2025-05-08 11:37:36.951,CANCELLED,2F,L*****00,MASKED-8674,2037.52,UPI,False,2.0,PAYMENT_RECORDED
B1088,P1477,SJ081,2026-03-25 11:37:36.951,PENDING,31A,A*****13,MASKED-7433,7375.1,UPI,False,1.0,PAYMENT_RECORDED
B1089,P1104,UK189,2025-09-03 11:37:36.951,CANCELLED,25F,W*****55,MASKED-1422,,,,,NO_PAYMENT_RECORD
B1090,P1494,SJ068,2025-05-16 11:37:36.951,PENDING,31C,V*****82,MASKED-1775,,,,,NO_PAYMENT_RECORD
B1091,P1770,6F043,2025-08-18 11:37:36.951,PENDING,25D,C*****05,MASKED-1387,,,,,NO_PAYMENT_RECORD
B1092,P1045,UK187,2026-03-18 11:37:36.951,CONFIRMED,16D,P*****04,MASKED-6973,1339.36,NETBANKING,False,3.0,PAYMENT_RECORDED
B1093,P1822,UK074,2025-05-11 11:37:36.951,CONFIRMED,25E,L*****26,MASKED-0231,,,,,NO_PAYMENT_RECORD
B1094,P1330,UK004,2026-01-07 11:37:36.951,PENDING,24C,P*****50,MASKED-7557,10637.23,CARD,False,2.0,PAYMENT_RECORDED
B1095,P1215,6F194,2025-07-30 11:37:36.951,CONFIRMED,14B,X*****06,MASKED-2655,,,,,NO_PAYMENT_RECORD
B1096,P1981,UK068,2026-01-03 11:37:36.951,PENDING,12B,Y*****98,MASKED-8767,8168.44,UPI,False,2.0,PAYMENT_RECORDED
B1097,P1959,6F017,2025-08-26 11:37:36.951,UNKNOWN,34F,J*****18,MASKED-9257,,,,,NO_PAYMENT_RECORD
B1098,P1491,6F245,2025-10-15 11:37:36.951,UNKNOWN,13D,Z*****38,MASKED-0675,10455.66,CARD,False,1.0,PAYMENT_RECORDED
B1099,P1812,6F254,2025-12-07 11:37:36.951,CONFIRMED,26E,Z*****12,MASKED-5408,,,,,NO_PAYMENT_RECORD
B1100,P1921,UK077,2026-03-05 11:37:36.951,CONFIRMED,16D,F*****20,MASKED-2423,,,,,NO_PAYMENT_RECORD
B1101,P1844,AI029,2025-07-19 11:37:36.951,CONFIRMED,3D,V*****17,MASKED-0041,2214.47,CARD,False,1.0,PAYMENT_RECORDED
B1102,P1448,SJ196,2025-10-06 11:37:36.951,INVALID,15F,N*****26,MASKED-7824,14361.62,CARD,False,2.0,PAYMENT_RECORDED
B1103,P1535,AI242,2025-08-08 11:37:36.951,CANCELLED,20D,W*****76,MASKED-0195,3312.42,NETBANKING,False,2.0,PAYMENT_RECORDED
B1104,P1510,AI242,2025-09-12 11:37:36.951,CANCELLED,16E,V*****15,MASKED-1992,,,,,NO_PAYMENT_RECORD
B1105,P1457,SJ044,2025-09-11 11:37:36.951,CONFIRMED,19F,J*****50,MASKED-2865,14294.21,UPI,False,1.0,PAYMENT_RECORDED
B1106,P1546,UK063,2025-09-01 11:37:36.951,CONFIRMED,21F,H*****84,MASKED-7368,7723.56,UPI,True,1.0,PAYMENT_RECORDED
B1107,P1535,AI056,2025-05-19 11:37:36.951,CONFIRMED,30F,H*****78,MASKED-1339,,,,,NO_PAYMENT_RECORD
B1108,P1539,UK207,2025-10-11 11:37:36.951,CANCELLED,14B,B*****37,MASKED-0049,,,,,NO_PAYMENT_RECORD
B1109,P1483,UK166,2025-12-03 11:37:36.951,CANCELLED,33D,L*****19,MASKED-1363,13080.08,NETBANKING,False,1.0,PAYMENT_RECORDED
B1110,P1975,6F261,2025-12-17 11:37:36.951,PENDING,12B,D*****00,MASKED-8743,,,,,NO_PAYMENT_RECORD
B1111,P1999,UK134,2025-12-25 11:37:36.951,CANCELLED,34A,A*****82,MASKED-0327,8158.17,NETBANKING,True,1.0,PAYMENT_RECORDED
B1112,P1015,6F152,2025-10-02 11:37:36.951,PENDING,27A,N*****91,MASKED-0611,9807.59,NETBANKING,False,2.0,PAYMENT_RECORDED
B1113,P1570,SJ089,2025-11-23 11:37:36.951,CONFIRMED,5A,M*****49,MASKED-3389,9457.62,UPI,False,1.0,PAYMENT_RECORDED
B1114,P1976,6F123,2025-09-26 11:37:36.951,CANCELLED,2E,W*****75,MASKED-8435,8187.33,NETBANKING,False,1.0,PAYMENT_RECORDED
B1115,P1242,AI025,2025-08-23 11:37:36.951,CONFIRMED,10A,P*****98,MASKED-1024,8185.02,UPI,False,1.0,PAYMENT_RECORDED
B1116,P1949,6F030,2025-12-05 11:37:36.951,CONFIRMED,19B,J*****40,MASKED-1177,9883.49,NETBANKING,False,1.0,PAYMENT_RECORDED
B1117,P1206,SJ222,2025-09-02 11:37:36.951,CONFIRMED,28F,B*****66,MASKED-6273,13517.5,UPI,False,2.0,PAYMENT_RECORDED
B1118,P1911,UK109,2026-04-03 11:37:36.951,CONFIRMED,34B,D*****30,MASKED-2542,8158.17,NETBANKING,True,1.0,PAYMENT_RECORDED
B1119,P1270,SJ117,2025-11-25 11:37:36.951,CANCELLED,21F,N*****71,MASKED-5920,7924.37,CARD,False,2.0,PAYMENT_RECORDED
B1120,P1760,SJ142,2025-08-12 11:37:36.951,CONFIRMED,12D,F*****68,MASKED-9377,1533.66,UPI,False,3.0,PAYMENT_RECORDED
B1121,P1993,SJ142,2025-06-01 11:37:36.951,PENDING,17C,Z*****38,MASKED-9980,,,,,NO_PAYMENT_RECORD
B1122,P1778,AI030,2025-05-02 11:37:36.951,CANCELLED,20B,H*****35,MASKED-0459,,,,,NO_PAYMENT_RECORD
B1123,P1704,6F097,2025-09-23 11:37:36.951,CONFIRMED,8A,W*****35,MASKED-3440,8451.44,NETBANKING,False,2.0,PAYMENT_RECORDED
B1124,P1846,6F129,2025-05-23 11:37:36.951,CANCELLED,5C,M*****59,MASKED-1753,13723.54,UPI,False,3.0,PAYMENT_RECORDED
B1125,P1729,6F181,2026-01-15 11:37:36.951,PENDING,27E,F*****69,MASKED-5564,,,,,NO_PAYMENT_RECORD
B1126,P1114,AI072,2025-10-20 11:37:36.951,CONFIRMED,10E,K*****84,MASKED-6718,,,,,NO_PAYMENT_RECORD
B1127,P1579,SJ154,2025-06-29 11:37:36.951,PENDING,2E,N*****14,MASKED-6141,,,,,NO_PAYMENT_RECORD
B1128,P1298,AI031,2026-04-08 11:37:36.951,CONFIRMED,10D,Y*****34,MASKED-9264,,,,,NO_PAYMENT_RECORD
B1129,P1836,AI031,2025-09-18 11:37:36.951,PENDING,26F,W*****72,MASKED-4894,12008.51,UPI,False,1.0,PAYMENT_RECORDED
B1130,P1482,6F158,2025-12-26 11:37:36.951,CONFIRMED,34E,P*****83,MASKED-1553,,,,,NO_PAYMENT_RECORD
B1131,P1396,6F184,2025-06-16 11:37:36.951,CANCELLED,1C,Y*****04,MASKED-6703,3592.91,UPI,False,1.0,PAYMENT_RECORDED
B1132,P1393,UK141,2025-06-20 11:37:36.951,CONFIRMED,10D,D*****08,MASKED-2875,2632.44,UPI,False,3.0,PAYMENT_RECORDED
B1133,P1074,6F168,2025-12-29 11:37:36.951,CANCELLED,23D,E*****96,MASKED-2496,1296.69,NETBANKING,False,2.0,PAYMENT_RECORDED
B1134,P1977,6F051,2025-07-28 11:37:36.951,CONFIRMED,34C,G*****23,MASKED-9254,,,,,NO_PAYMENT_RECORD
B1135,P1481,6F047,2025-12-02 11:37:36.951,CONFIRMED,20E,D*****23,MASKED-6706,10501.09,CARD,False,1.0,PAYMENT_RECORDED
B1136,P1102,UK156,2025-10-26 11:37:36.951,PENDING,28E,B*****08,MASKED-2968,2857.01,NETBANKING,False,1.0,PAYMENT_RECORDED
B1137,P1296,AI094,2025-09-01 11:37:36.951,PENDING,13E,C*****11,MASKED-1393,3913.54,UPI,False,2.0,PAYMENT_RECORDED
B1138,P1177,AI038,2025-07-14 11:37:36.951,PENDING,6C,A*****94,MASKED-1934,,,,,NO_PAYMENT_RECORD
B1139,P1214,6F255,2026-01-19 11:37:36.951,CONFIRMED,29F,L*****39,MASKED-2157,6016.05,UPI,False,1.0,PAYMENT_RECORDED
B1140,P1966,SJ025,2026-01-23 11:37:36.951,CONFIRMED,29D,E*****07,MASKED-1700,8025.265,CARD,True,2.0,PAYMENT_RECORDED
B1141,P1314,SJ185,2025-10-28 11:37:36.951,CONFIRMED,9C,F*****29,MASKED-5455,,,,,NO_PAYMENT_RECORD
B1142,P1038,6F259,2026-01-21 11:37:36.951,CANCELLED,5C,C*****99,MASKED-4971,4506.21,CARD,False,1.0,PAYMENT_RECORDED
B1143,P1258,6F073,2026-04-07 11:37:36.951,CANCELLED,15A,V*****37,MASKED-9840,6360.73,NETBANKING,False,1.0,PAYMENT_RECORDED
B1144,P1715,AI091,2025-09-26 11:37:36.951,CONFIRMED,6D,M*****78,MASKED-7996,8025.265,CARD,True,1.0,PAYMENT_RECORDED
B1145,P1006,6F191,2025-08-23 11:37:36.951,PENDING,15D,F*****61,MASKED-6715,,,,,NO_PAYMENT_RECORD
B1146,P1048,UK228,2025-08-30 11:37:36.951,PENDING,25A,V*****95,MASKED-8150,7723.56,UPI,True,1.0,PAYMENT_RECORDED
B1147,P1537,6F146,2026-03-25 11:37:36.951,PENDING,11E,R*****90,MASKED-9430,,,,,NO_PAYMENT_RECORD
B1148,P1160,6F068,2025-10-13 11:37:36.951,CONFIRMED,19A,E*****64,MASKED-0672,,,,,NO_PAYMENT_RECORD
B1149,P1868,SJ218,2026-01-08 11:37:36.951,PENDING,30F,G*****12,MASKED-2528,9112.92,CARD,False,2.0,PAYMENT_RECORDED
B1150,P1175,UK083,2025-09-25 11:37:36.951,CONFIRMED,12A,V*****17,MASKED-2234,12535.73,NETBANKING,False,1.0,PAYMENT_RECORDED
B1151,P1590,SJ007,2026-01-18 11:37:36.951,CANCELLED,29B,V*****79,MASKED-9085,8025.265,CARD,True,1.0,PAYMENT_RECORDED
B1152,P1001,AI077,2025-08-14 11:37:36.951,PENDING,27A,H*****85,MASKED-8402,,,,,NO_PAYMENT_RECORD
B1153,P1894,UK017,2025-12-20 11:37:36.951,CANCELLED,8D,X*****66,MASKED-9050,5774.24,NETBANKING,False,1.0,PAYMENT_RECORDED
B1154,P1454,6F229,2026-02-17 11:37:36.951,PENDING,24A,B*****20,MASKED-7005,9979.51,UPI,False,1.0,PAYMENT_RECORDED
B1155,P1927,6F074,2025-10-08 11:37:36.951,CONFIRMED,6D,E*****52,MASKED-5900,,,,,NO_PAYMENT_RECORD
B1156,P1643,SJ088,2026-03-25 11:37:36.951,CONFIRMED,5E,L*****92,MASKED-8235,3413.47,NETBANKING,False,1.0,PAYMENT_RECORDED
B1157,P1275,SJ167,2025-06-28 11:37:36.951,CONFIRMED,18B,X*****90,MASKED-0380,7902.25,NETBANKING,False,1.0,PAYMENT_RECORDED
B1158,P1497,6F234,2025-07-20 11:37:36.951,CONFIRMED,22A,Y*****20,MASKED-3787,14265.47,UPI,False,1.0,PAYMENT_RECORDED
B1159,P1628,UK071,2025-12-10 11:37:36.951,PENDING,22F,W*****24,MASKED-1686,8064.97,CARD,False,3.0,PAYMENT_RECORDED
B1160,P1675,AI178,2025-11-21 11:37:36.951,CANCELLED,29A,C*****70,MASKED-5204,5267.38,UPI,False,1.0,PAYMENT_RECORDED
B1161,P1799,UK104,2025-11-14 11:37:36.951,CONFIRMED,12A,H*****38,MASKED-1674,7842.91,CARD,False,3.0,PAYMENT_RECORDED
B1162,P1027,AI146,2025-04-22 11:37:36.951,INVALID,32D,N*****98,MASKED-9690,,,,,NO_PAYMENT_RECORD
B1163,P1332,SJ235,2025-11-10 11:37:36.951,CANCELLED,13D,X*****58,MASKED-2987,,,,,NO_PAYMENT_RECORD
B1164,P1000,6F209,2025-04-24 11:37:36.951,CONFIRMED,24A,Z*****23,MASKED-2471,2684.77,UPI,False,1.0,PAYMENT_RECORDED
B1165,P1187,AI129,2025-08-20 11:37:36.951,CANCELLED,2F,M*****90,MASKED-2367,9627.79,CARD,False,4.0,PAYMENT_RECORDED
B1166,P1055,SJ141,2026-01-23 11:37:36.951,CONFIRMED,34D,J*****42,MASKED-7690,5530.81,NETBANKING,False,1.0,PAYMENT_RECORDED
B1167,P1546,SJ018,2026-02-02 11:37:36.951,CANCELLED,9F,N*****23,MASKED-6854,8032.22,NETBANKING,False,3.0,PAYMENT_RECORDED
B1168,P1111,UK120,2025-10-14 11:37:36.951,CANCELLED,11C,N*****56,MASKED-3269,5435.83,CARD,False,1.0,PAYMENT_RECORDED
B1169,P1797,AI078,2025-11-15 11:37:36.951,CONFIRMED,11E,L*****56,MASKED-7397,3795.6,NETBANKING,False,1.0,PAYMENT_RECORDED
B1170,P1309,AI079,2025-09-14 11:37:36.951,PENDING,15E,X*****51,MASKED-4039,,,,,NO_PAYMENT_RECORD
B1171,P1035,UK087,2025-09-19 11:37:36.951,CANCELLED,21A,N*****46,MASKED-5830,3406.0,UPI,False,3.0,PAYMENT_RECORDED
B1172,P1438,UK133,2026-01-17 11:37:36.951,CONFIRMED,8F,T*****49,MASKED-9600,5872.42,UPI,False,3.0,PAYMENT_RECORDED
B1173,P1728,AI222,2025-06-01 11:37:36.951,CANCELLED,22E,D*****38,MASKED-0197,7723.56,UPI,True,1.0,PAYMENT_RECORDED
B1174,P1591,6F049,2026-04-12 11:37:36.951,CANCELLED,19D,B*****15,MASKED-4287,8158.17,NETBANKING,True,1.0,PAYMENT_RECORDED
B1175,P1825,6F105,2026-01-29 11:37:36.951,PENDING,27D,L*****93,MASKED-0363,10654.9,UPI,False,1.0,PAYMENT_RECORDED
B1176,P1594,SJ226,2025-04-17 11:37:36.951,CANCELLED,7C,P*****42,MASKED-7327,,,,,NO_PAYMENT_RECORD
B1177,P1576,SJ227,2025-07-29 11:37:36.951,CANCELLED,34D,M*****19,MASKED-0863,12412.89,NETBANKING,False,1.0,PAYMENT_RECORDED
B1178,P1324,6F034,2026-02-05 11:37:36.951,CONFIRMED,34E,E*****38,MASKED-2098,8158.17,NETBANKING,True,1.0,PAYMENT_RECORDED
B1179,P1639,SJ078,2025-10-03 11:37:36.951,CONFIRMED,33D,F*****05,MASKED-5466,2337.61,UPI,False,3.0,PAYMENT_RECORDED
B1180,P1306,AI240,2026-04-10 11:37:36.951,PENDING,22F,R*****58,MASKED-9558,,,,,NO_PAYMENT_RECORD
B1181,P1533,SJ002,2026-03-29 11:37:36.951,CANCELLED,12E,Z*****94,MASKED-9169,,,,,NO_PAYMENT_RECORD
B1182,P1727,AI044,2025-08-11 11:37:36.951,CANCELLED,3A,Y*****20,MASKED-4521,9005.88,UPI,False,1.0,PAYMENT_RECORDED
B1183,P1618,UK076,2025-06-22 11:37:36.951,CANCELLED,8C,K*****32,MASKED-8652,,,,,NO_PAYMENT_RECORD
B1184,P1108,6F232,2025-08-01 11:37:36.951,PENDING,28E,G*****83,MASKED-6490,,,,,NO_PAYMENT_RECORD
B1185,P1371,SJ228,2025-08-16 11:37:36.951,CANCELLED,25E,D*****96,MASKED-6542,13080.31,CARD,False,1.0,PAYMENT_RECORDED
B1186,P1356,SJ074,2026-04-04 11:37:36.951,CONFIRMED,1B,T*****62,MASKED-4213,,,,,NO_PAYMENT_RECORD
B1187,P1180,UK229,2025-08-04 11:37:36.951,PENDING,7F,F*****32,MASKED-5908,6625.76,NETBANKING,False,1.0,PAYMENT_RECORDED
B1188,P1355,AI208,2026-04-04 11:37:36.951,CONFIRMED,6A,C*****49,MASKED-9782,,,,,NO_PAYMENT_RECORD
B1189,P1675,AI019,2025-11-23 11:37:36.951,CONFIRMED,14F,A*****72,MASKED-8556,,,,,NO_PAYMENT_RECORD
B1190,P1067,6F029,2025-05-23 11:37:36.951,PENDING,12B,A*****17,MASKED-1523,,,,,NO_PAYMENT_RECORD
B1191,P1291,6F018,2025-04-27 11:37:36.951,CONFIRMED,25B,R*****72,MASKED-2358,,,,,NO_PAYMENT_RECORD
B1192,P1691,AI059,2025-06-23 11:37:36.951,CANCELLED,7D,E*****83,MASKED-5924,7723.56,UPI,True,1.0,PAYMENT_RECORDED
B1193,P1180,AI159,2025-05-22 11:37:36.951,PENDING,13D,F*****73,MASKED-0978,,,,,NO_PAYMENT_RECORD
B1194,P1465,6F091,2025-07-11 11:37:36.951,CONFIRMED,14F,Z*****22,MASKED-6626,,,,,NO_PAYMENT_RECORD
B1195,P1433,6F084,2025-07-20 11:37:36.951,CANCELLED,10B,D*****38,MASKED-6166,6019.11,CARD,False,2.0,PAYMENT_RECORDED
B1196,P1463,UK170,2026-01-15 11:37:36.951,CANCELLED,20C,Z*****58,MASKED-4596,,,,,NO_PAYMENT_RECORD
B1197,P1680,UK212,2025-05-19 11:37:36.951,CONFIRMED,2E,T*****43,MASKED-7338,8876.86,CARD,False,1.0,PAYMENT_RECORDED
B1198,P1913,SJ022,2025-06-16 11:37:36.951,INVALID,29A,J*****79,MASKED-2983,1830.32,CARD,False,1.0,PAYMENT_RECORDED
B1199,P1533,SJ075,2025-12-13 11:37:36.951,PENDING,30E,F*****39,MASKED-7632,1198.83,CARD,False,2.0,PAYMENT_RECORDED
B1200,P1065,UK177,2025-09-17 11:37:36.951,CONFIRMED,16B,D*****88,MASKED-8921,6711.92,NETBANKING,False,3.0,PAYMENT_RECORDED
B1201,P1020,UK206,2026-02-01 11:37:36.951,CANCELLED,3A,D*****32,MASKED-4055,7338.75,CARD,False,1.0,PAYMENT_RECORDED
B1202,P1611,UK079,2025-04-29 11:37:36.951,CANCELLED,29C,W*****89,MASKED-6263,1973.12,UPI,False,1.0,PAYMENT_RECORDED
B1203,P1383,UK040,2025-06-21 11:37:36.951,CONFIRMED,3B,M*****60,MASKED-0009,12774.63,NETBANKING,False,1.0,PAYMENT_RECORDED
B1204,P1811,AI034,2025-07-25 11:37:36.951,CONFIRMED,30A,K*****51,MASKED-2075,14106.07,CARD,False,1.0,PAYMENT_RECORDED
B1205,P1614,UK034,2025-10-18 11:37:36.951,CONFIRMED,23F,F*****92,MASKED-4339,10452.65,UPI,False,1.0,PAYMENT_RECORDED
B1206,P1558,AI088,2025-07-02 11:37:36.951,CONFIRMED,13A,K*****09,MASKED-2395,,,,,NO_PAYMENT_RECORD
B1207,P1038,AI128,2025-06-11 11:37:36.951,PENDING,26A,C*****12,MASKED-6415,10823.99,CARD,False,1.0,PAYMENT_RECORDED
B1208,P1284,SJ052,2025-07-22 11:37:36.951,INVALID,9A,E*****67,MASKED-2858,12966.45,CARD,False,2.0,PAYMENT_RECORDED
B1209,P1821,AI233,2025-12-15 11:37:36.951,PENDING,3A,C*****22,MASKED-6064,10307.2,NETBANKING,False,1.0,PAYMENT_RECORDED
B1210,P1601,AI012,2026-01-20 11:37:36.951,PENDING,3C,E*****93,MASKED-4358,,,,,NO_PAYMENT_RECORD
B1211,P1596,AI084,2025-07-07 11:37:36.951,CONFIRMED,34A,N*****74,MASKED-5378,,,,,NO_PAYMENT_RECORD
B1212,P1784,6F126,2025-07-08 11:37:36.951,PENDING,34B,K*****86,MASKED-6819,8421.62,NETBANKING,False,1.0,PAYMENT_RECORDED
B1213,P1335,SJ061,2025-06-16 11:37:36.951,CONFIRMED,2E,X*****62,MASKED-1107,,,,,NO_PAYMENT_RECORD
B1214,P1187,UK194,2025-08-14 11:37:36.951,UNKNOWN,23B,M*****99,MASKED-9571,,,,,NO_PAYMENT_RECORD
B1215,P1670,AI135,2025-08-08 11:37:36.951,CANCELLED,28C,A*****43,MASKED-3317,2886.02,NETBANKING,False,2.0,PAYMENT_RECORDED
B1216,P1242,6F238,2025-12-09 11:37:36.951,CONFIRMED,10A,M*****41,MASKED-5129,5236.29,NETBANKING,False,3.0,PAYMENT_RECORDED
B1217,P1072,6F092,2026-03-19 11:37:36.951,CANCELLED,32C,B*****73,MASKED-8927,,,,,NO_PAYMENT_RECORD
B1218,P1478,AI213,2025-11-13 11:37:36.951,PENDING,2D,Y*****69,MASKED-3132,,,,,NO_PAYMENT_RECORD
B1219,P1973,UK193,2026-02-15 11:37:36.951,CANCELLED,1B,E*****42,MASKED-0964,,,,,NO_PAYMENT_RECORD
B1220,P1560,6F178,2026-04-04 11:37:36.951,PENDING,29C,H*****67,MASKED-2559,11075.72,UPI,False,1.0,PAYMENT_RECORDED
B1221,P1100,AI158,2026-03-06 11:37:36.951,CONFIRMED,19D,K*****55,MASKED-5218,5138.43,UPI,False,2.0,PAYMENT_RECORDED
B1222,P1513,UK208,2026-03-30 11:37:36.951,PENDING,8A,J*****60,MASKED-5907,,,,,NO_PAYMENT_RECORD
B1223,P1755,6F056,2026-04-09 11:37:36.951,UNKNOWN,15A,D*****68,MASKED-4660,1794.08,UPI,False,1.0,PAYMENT_RECORDED
B1224,P1175,UK185,2025-10-26 11:37:36.951,CONFIRMED,1E,J*****08,MASKED-9317,,,,,NO_PAYMENT_RECORD
B1225,P1237,AI163,2026-01-13 11:37:36.951,PENDING,4D,M*****15,MASKED-1229,3894.65,CARD,False,2.0,PAYMENT_RECORDED
B1226,P1909,AI112,2025-08-23 11:37:36.951,CONFIRMED,15C,V*****07,MASKED-3124,8968.11,NETBANKING,False,1.0,PAYMENT_RECORDED
B1227,P1058,AI227,2025-10-23 11:37:36.951,CANCELLED,12A,K*****36,MASKED-8218,8025.265,CARD,True,1.0,PAYMENT_RECORDED
B1228,P1864,SJ083,2026-04-17 11:37:36.951,CONFIRMED,29D,A*****85,MASKED-2235,7087.22,UPI,False,2.0,PAYMENT_RECORDED
B1229,P1098,UK073,2026-02-07 11:37:36.951,CONFIRMED,13F,J*****05,MASKED-1227,,,,,NO_PAYMENT_RECORD
B1230,P1953,6F169,2025-04-29 11:37:36.951,PENDING,6C,N*****62,MASKED-2051,4531.77,CARD,False,1.0,PAYMENT_RECORDED
B1231,P1870,UK154,2026-04-06 11:37:36.951,CANCELLED,27D,H*****46,MASKED-5590,5009.12,UPI,False,2.0,PAYMENT_RECORDED
B1232,P1953,SJ169,2025-10-06 11:37:36.951,CONFIRMED,32F,L*****79,MASKED-1252,,,,,NO_PAYMENT_RECORD
B1233,P1494,6F187,2025-05-13 11:37:36.951,CANCELLED,5F,J*****88,MASKED-9119,1617.29,NETBANKING,False,1.0,PAYMENT_RECORDED
B1234,P1946,UK210,2025-11-21 11:37:36.951,CANCELLED,33A,A*****04,MASKED-4349,7984.22,CARD,False,1.0,PAYMENT_RECORDED
B1235,P1979,6F250,2025-12-23 11:37:36.951,PENDING,13D,Y*****31,MASKED-0345,1236.74,CARD,False,2.0,PAYMENT_RECORDED
B1236,P1513,AI062,2025-07-05 11:37:36.951,CONFIRMED,25A,D*****16,MASKED-2732,,,,,NO_PAYMENT_RECORD
B1237,P1754,AI047,2025-11-16 11:37:36.951,UNKNOWN,15B,T*****43,MASKED-1042,,,,,NO_PAYMENT_RECORD
B1238,P1296,SJ186,2025-10-20 11:37:36.951,UNKNOWN,8E,F*****99,MASKED-4048,3231.46,UPI,False,1.0,PAYMENT_RECORDED
B1239,P1210,AI217,2025-11-17 11:37:36.951,CANCELLED,30A,A*****03,MASKED-8284,8821.9,UPI,False,1.0,PAYMENT_RECORDED
B1240,P1122,UK100,2025-12-31 11:37:36.951,CONFIRMED,17A,W*****20,MASKED-5606,12241.53,UPI,False,1.0,PAYMENT_RECORDED
B1241,P1228,UK116,2025-12-16 11:37:36.951,CONFIRMED,10A,M*****97,MASKED-1868,8158.17,NETBANKING,True,1.0,PAYMENT_RECORDED
B1242,P1593,6F036,2025-12-01 11:37:36.951,CANCELLED,26C,A*****01,MASKED-3494,,,,,NO_PAYMENT_RECORD
B1243,P1655,AI175,2026-01-22 11:37:36.951,CANCELLED,29E,E*****83,MASKED-2271,,,,,NO_PAYMENT_RECORD
B1244,P1387,UK051,2025-08-18 11:37:36.951,CONFIRMED,27D,A*****80,MASKED-5439,4953.56,CARD,False,1.0,PAYMENT_RECORDED
B1245,P1139,6F201,2026-04-17 11:37:36.951,UNKNOWN,26A,C*****49,MASKED-9724,3162.91,CARD,False,1.0,PAYMENT_RECORDED
B1246,P1540,6F230,2026-04-09 11:37:36.951,CONFIRMED,33B,V*****68,MASKED-7156,11516.06,CARD,False,1.0,PAYMENT_RECORDED
B1247,P1390,SJ138,2025-08-13 11:37:36.951,CANCELLED,15F,N*****95,MASKED-4867,7658.69,CARD,False,1.0,PAYMENT_RECORDED
B1248,P1269,AI246,2026-03-04 11:37:36.951,PENDING,16B,C*****07,MASKED-8805,,,,,NO_PAYMENT_RECORD
B1249,P1758,6F179,2025-06-06 11:37:36.951,CANCELLED,26B,W*****17,MASKED-3294,3055.22,NETBANKING,False,2.0,PAYMENT_RECORDED
B1250,P1011,6F031,2026-01-28 11:37:36.951,CANCELLED,16F,B*****68,MASKED-9472,6497.92,NETBANKING,False,1.0,PAYMENT_RECORDED
B1251,P1866,UK015,2025-08-30 11:37:36.951,PENDING,29A,P*****21,MASKED-0000,6952.65,UPI,False,1.0,PAYMENT_RECORDED
B1252,P1388,UK001,2025-04-21 11:37:36.951,CANCELLED,27C,L*****93,MASKED-8619,1480.08,CARD,False,1.0,PAYMENT_RECORDED
B1253,P1336,6F133,2026-02-27 11:37:36.951,CANCELLED,15E,V*****88,MASKED-2911,14029.28,NETBANKING,False,2.0,PAYMENT_RECORDED
B1254,P1505,6F143,2025-07-22 11:37:36.951,CANCELLED,5D,E*****79,MASKED-7840,7723.56,UPI,True,1.0,PAYMENT_RECORDED
B1255,P1105,UK165,2025-09-22 11:37:36.951,CANCELLED,23F,C*****93,MASKED-1946,1412.67,CARD,False,1.0,PAYMENT_RECORDED
B1256,P1031,6F083,2025-08-10 11:37:36.951,CANCELLED,22B,G*****60,MASKED-0072,2040.64,NETBANKING,False,1.0,PAYMENT_RECORDED
B1257,P1073,AI082,2025-08-19 11:37:36.951,CANCELLED,11C,J*****50,MASKED-7961,13028.65,NETBANKING,False,1.0,PAYMENT_RECORDED
B1258,P1170,AI164,2025-10-28 11:37:36.951,CANCELLED,21F,K*****16,MASKED-9118,,,,,NO_PAYMENT_RECORD
B1259,P1848,SJ155,2026-01-19 11:37:36.951,CANCELLED,31F,K*****17,MASKED-8041,12805.67,CARD,False,1.0,PAYMENT_RECORDED
B1260,P1068,AI189,2026-01-04 11:37:36.951,CANCELLED,1D,V*****80,MASKED-9063,4716.99,NETBANKING,False,3.0,PAYMENT_RECORDED
B1261,P1812,SJ057,2025-12-21 11:37:36.951,CONFIRMED,34A,W*****46,MASKED-0909,,,,,NO_PAYMENT_RECORD
B1262,P1361,SJ198,2025-05-07 11:37:36.951,CONFIRMED,16F,Y*****69,MASKED-8944,6722.37,UPI,False,2.0,PAYMENT_RECORDED
B1263,P1648,6F122,2026-01-03 11:37:36.951,CANCELLED,6C,Y*****94,MASKED-8359,10997.85,UPI,False,2.0,PAYMENT_RECORDED
B1264,P1432,SJ097,2026-04-15 11:37:36.951,CONFIRMED,12A,J*****29,MASKED-0179,4662.75,UPI,False,2.0,PAYMENT_RECORDED
B1265,P1928,UK203,2025-08-06 11:37:36.951,PENDING,28F,H*****71,MASKED-3723,,,,,NO_PAYMENT_RECORD
B1266,P1995,UK093,2026-01-16 11:37:36.951,CONFIRMED,27F,Y*****53,MASKED-3106,14431.32,UPI,False,1.0,PAYMENT_RECORDED
B1267,P1099,AI205,2025-05-21 11:37:36.951,CANCELLED,32A,V*****06,MASKED-0019,14150.69,UPI,False,2.0,PAYMENT_RECORDED
B1268,P1657,AI102,2026-01-16 11:37:36.951,INVALID,12A,Y*****94,MASKED-7177,13289.27,CARD,False,1.0,PAYMENT_RECORDED
B1269,P1008,6F046,2025-09-06 11:37:36.951,CONFIRMED,4C,N*****76,MASKED-0807,14606.94,CARD,False,2.0,PAYMENT_RECORDED
B1270,P1573,SJ017,2025-06-02 11:37:36.951,UNKNOWN,22E,F*****77,MASKED-2228,,,,,NO_PAYMENT_RECORD
B1271,P1696,6F156,2025-10-20 11:37:36.951,PENDING,28B,R*****90,MASKED-3662,12211.33,NETBANKING,False,1.0,PAYMENT_RECORDED
B1272,P1028,AI068,2025-07-18 11:37:36.951,PENDING,19A,M*****65,MASKED-8311,10043.5,CARD,False,4.0,PAYMENT_RECORDED
B1273,P1892,AI150,2025-06-05 11:37:36.951,UNKNOWN,28B,Z*****00,MASKED-6375,3873.81,CARD,False,2.0,PAYMENT_RECORDED
B1274,P1113,UK008,2025-10-15 11:37:36.951,PENDING,20D,F*****77,MASKED-3571,8582.34,NETBANKING,False,1.0,PAYMENT_RECORDED
B1275,P1461,6F166,2025-07-11 11:37:36.951,PENDING,18F,L*****12,MASKED-6536,,,,,NO_PAYMENT_RECORD
B1276,P1920,6F177,2025-07-15 11:37:36.951,CONFIRMED,1A,M*****00,MASKED-9840,9396.07,UPI,False,1.0,PAYMENT_RECORDED
B1277,P1142,AI196,2026-01-19 11:37:36.951,PENDING,12E,V*****31,MASKED-6223,,,,,NO_PAYMENT_RECORD
B1278,P1389,SJ191,2025-08-09 11:37:36.951,CONFIRMED,5B,A*****26,MASKED-3565,,,,,NO_PAYMENT_RECORD
B1279,P1631,6F019,2025-05-10 11:37:36.951,UNKNOWN,28C,B*****53,MASKED-4052,5467.05,UPI,False,1.0,PAYMENT_RECORDED
B1280,P1681,AI226,2026-04-12 11:37:36.951,CONFIRMED,33B,W*****54,MASKED-9514,,,,,NO_PAYMENT_RECORD
B1281,P1156,SJ207,2026-01-21 11:37:36.951,CANCELLED,4A,D*****54,MASKED-9374,4413.8,CARD,False,1.0,PAYMENT_RECORDED
B1282,P1334,AI009,2025-12-30 11:37:36.951,CANCELLED,8B,K*****31,MASKED-2151,,,,,NO_PAYMENT_RECORD
B1283,P1860,AI103,2025-05-08 11:37:36.951,INVALID,29D,R*****17,MASKED-7808,7236.69,CARD,False,2.0,PAYMENT_RECORDED
B1284,P1259,SJ127,2026-02-22 11:37:36.951,CANCELLED,25F,K*****88,MASKED-0070,8516.93,CARD,False,2.0,PAYMENT_RECORDED
B1285,P1081,UK188,2026-03-26 11:37:36.951,CANCELLED,25B,C*****19,MASKED-8913,1207.32,NETBANKING,False,1.0,PAYMENT_RECORDED
B1286,P1753,6F010,2025-09-25 11:37:36.951,INVALID,33B,L*****58,MASKED-3362,,,,,NO_PAYMENT_RECORD
B1287,P1440,SJ098,2025-12-13 11:37:36.951,CANCELLED,5F,H*****18,MASKED-7930,7693.36,CARD,False,2.0,PAYMENT_RECORDED
B1288,P1944,6F058,2025-12-11 11:37:36.951,PENDING,18C,T*****52,MASKED-4865,8140.84,NETBANKING,False,2.0,PAYMENT_RECORDED
B1289,P1171,SJ030,2026-03-23 11:37:36.951,PENDING,24F,M*****38,MASKED-7017,12016.99,NETBANKING,False,2.0,PAYMENT_RECORDED
B1290,P1230,UK175,2025-07-26 11:37:36.951,CANCELLED,16F,Y*****05,MASKED-9769,13471.57,UPI,False,1.0,PAYMENT_RECORDED
B1291,P1719,SJ108,2026-04-01 11:37:36.951,PENDING,28E,W*****69,MASKED-7572,4129.39,NETBANKING,False,1.0,PAYMENT_RECORDED
B1292,P1074,6F075,2025-08-03 11:37:36.951,CONFIRMED,7C,Y*****27,MASKED-3679,8321.74,UPI,False,2.0,PAYMENT_RECORDED
B1293,P1269,UK222,2025-08-31 11:37:36.951,CONFIRMED,25F,E*****98,MASKED-6545,6227.3,NETBANKING,False,1.0,PAYMENT_RECORDED
B1294,P1898,6F250,2025-07-13 11:37:36.951,CANCELLED,34B,J*****72,MASKED-9502,,,,,NO_PAYMENT_RECORD
B1295,P1625,AI096,2025-12-29 11:37:36.951,CANCELLED,14B,D*****62,MASKED-2053,,,,,NO_PAYMENT_RECORD
B1296,P1061,AI216,2025-12-23 11:37:36.951,CANCELLED,1B,X*****01,MASKED-7733,,,,,NO_PAYMENT_RECORD
B1297,P1873,6F193,2026-01-23 11:37:36.951,PENDING,8A,A*****66,MASKED-8361,,,,,NO_PAYMENT_RECORD
B1298,P1319,SJ194,2026-01-02 11:37:36.951,PENDING,6C,Z*****08,MASKED-2809,,,,,NO_PAYMENT_RECORD
B1299,P1101,SJ020,2025-09-11 11:37:36.951,CONFIRMED,16F,N*****45,MASKED-3217,8842.93,CARD,False,1.0,PAYMENT_RECORDED
B1300,P1428,6F070,2025-06-14 11:37:36.951,PENDING,21C,V*****23,MASKED-3521,,,,,NO_PAYMENT_RECORD
B1301,P1873,AI051,2025-09-03 11:37:36.951,CONFIRMED,12A,L*****76,MASKED-4069,14671.03,UPI,False,1.0,PAYMENT_RECORDED
B1302,P1721,UK219,2025-12-27 11:37:36.951,PENDING,3D,J*****50,MASKED-4089,9282.39,UPI,False,3.0,PAYMENT_RECORDED
B1303,P1953,AI235,2025-12-13 11:37:36.951,CONFIRMED,20A,N*****65,MASKED-9768,13806.55,NETBANKING,False,2.0,PAYMENT_RECORDED
B1304,P1254,6F022,2025-12-13 11:37:36.951,INVALID,18E,H*****16,MASKED-1700,,,,,NO_PAYMENT_RECORD
B1305,P1531,SJ114,2025-09-28 11:37:36.951,PENDING,13C,V*****66,MASKED-9203,13844.39,NETBANKING,False,1.0,PAYMENT_RECORDED
B1306,P1569,SJ076,2025-12-01 11:37:36.951,CONFIRMED,30A,W*****69,MASKED-1450,9753.04,NETBANKING,False,1.0,PAYMENT_RECORDED
B1307,P1111,UK227,2026-01-26 11:37:36.951,PENDING,32E,P*****78,MASKED-2614,13498.4,CARD,False,2.0,PAYMENT_RECORDED
B1308,P1984,UK135,2025-07-22 11:37:36.951,CANCELLED,30D,A*****71,MASKED-2287,12097.48,UPI,False,2.0,PAYMENT_RECORDED
B1309,P1312,AI234,2025-05-06 11:37:36.951,CONFIRMED,30F,Y*****65,MASKED-2677,,,,,NO_PAYMENT_RECORD
B1310,P1997,6F113,2025-08-20 11:37:36.951,PENDING,5D,A*****52,MASKED-3222,7370.22,UPI,False,1.0,PAYMENT_RECORDED
B1311,P1460,SJ206,2025-11-16 11:37:36.951,PENDING,9D,V*****41,MASKED-4288,,,,,NO_PAYMENT_RECORD
B1312,P1707,AI015,2026-03-29 11:37:36.951,UNKNOWN,6E,Y*****24,MASKED-0241,,,,,NO_PAYMENT_RECORD
B1313,P1886,6F260,2025-05-16 11:37:36.951,CANCELLED,33E,P*****75,MASKED-9760,,,,,NO_PAYMENT_RECORD
B1314,P1461,AI061,2025-04-28 11:37:36.951,CONFIRMED,19C,B*****85,MASKED-8284,7529.51,CARD,False,2.0,PAYMENT_RECORDED
B1315,P1864,6F237,2026-03-26 11:37:36.951,PENDING,9C,B*****92,MASKED-7462,,,,,NO_PAYMENT_RECORD
B1316,P1091,SJ099,2026-01-06 11:37:36.951,PENDING,27C,A*****35,MASKED-2068,11302.63,UPI,False,1.0,PAYMENT_RECORDED
B1317,P1051,SJ146,2026-02-24 11:37:36.951,CANCELLED,21F,F*****82,MASKED-9773,13045.18,CARD,False,3.0,PAYMENT_RECORDED
B1318,P1804,SJ146,2025-05-23 11:37:36.951,CANCELLED,29B,B*****24,MASKED-7023,4594.77,UPI,False,1.0,PAYMENT_RECORDED
B1319,P1519,6F071,2025-05-04 11:37:36.951,CONFIRMED,4C,P*****71,MASKED-1758,5359.26,UPI,False,1.0,PAYMENT_RECORDED
B1320,P1811,6F272,2025-08-13 11:37:36.951,PENDING,6C,D*****71,MASKED-1202,9370.75,CARD,False,2.0,PAYMENT_RECORDED
B1321,P1097,SJ029,2026-02-12 11:37:36.951,PENDING,13A,C*****92,MASKED-1866,,,,,NO_PAYMENT_RECORD
B1322,P1235,UK084,2025-07-27 11:37:36.951,CONFIRMED,6E,C*****74,MASKED-0643,,,,,NO_PAYMENT_RECORD
B1323,P1900,SJ048,2026-02-06 11:37:36.951,CONFIRMED,14D,L*****76,MASKED-2487,,,,,NO_PAYMENT_RECORD
B1324,P1373,AI108,2026-02-04 11:37:36.951,CANCELLED,33B,Y*****19,MASKED-4040,8025.265,CARD,True,2.0,PAYMENT_RECORDED
B1325,P1580,SJ134,2025-08-11 11:37:36.951,CANCELLED,3B,K*****45,MASKED-9747,4503.45,UPI,False,1.0,PAYMENT_RECORDED
B1326,P1926,UK146,2025-10-31 11:37:36.951,CONFIRMED,14F,W*****74,MASKED-8283,,,,,NO_PAYMENT_RECORD
B1327,P1556,SJ036,2025-09-24 11:37:36.951,CONFIRMED,26C,J*****80,MASKED-7662,13822.99,UPI,False,1.0,PAYMENT_RECORDED
B1328,P1648,6F202,2025-11-01 11:37:36.951,PENDING,33B,P*****44,MASKED-9958,,,,,NO_PAYMENT_RECORD
B1329,P1233,UK041,2026-02-13 11:37:36.951,CONFIRMED,22C,L*****80,MASKED-9243,6401.38,UPI,False,1.0,PAYMENT_RECORDED
B1330,P1031,6F078,2025-12-06 11:37:36.951,CONFIRMED,23A,R*****95,MASKED-6256,,,,,NO_PAYMENT_RECORD
B1331,P1288,AI097,2025-07-03 11:37:36.951,PENDING,22C,F*****08,MASKED-9583,7131.5,NETBANKING,False,1.0,PAYMENT_RECORDED
B1332,P1637,UK159,2026-01-15 11:37:36.951,CONFIRMED,7D,T*****11,MASKED-2108,4183.32,NETBANKING,False,1.0,PAYMENT_RECORDED
B1333,P1578,UK044,2025-09-06 11:37:36.951,CANCELLED,12B,Y*****60,MASKED-1145,2372.08,NETBANKING,False,2.0,PAYMENT_RECORDED
B1334,P1541,6F176,2025-09-27 11:37:36.951,CANCELLED,6F,Y*****20,MASKED-9658,,,,,NO_PAYMENT_RECORD
B1335,P1113,SJ221,2026-02-11 11:37:36.951,PENDING,4A,R*****26,MASKED-8680,,,,,NO_PAYMENT_RECORD
B1336,P1203,6F112,2025-07-03 11:37:36.951,CONFIRMED,22A,L*****79,MASKED-3059,,,,,NO_PAYMENT_RECORD
B1337,P1028,6F246,2025-10-20 11:37:36.951,INVALID,4C,B*****79,MASKED-6646,,,,,NO_PAYMENT_RECORD
B1338,P1642,6F014,2026-02-21 11:37:36.951,CANCELLED,14C,A*****49,MASKED-2453,,,,,NO_PAYMENT_RECORD
B1339,P1473,AI237,2025-09-17 11:37:36.951,CANCELLED,28A,X*****03,MASKED-9137,,,,,NO_PAYMENT_RECORD
B1340,P1696,6F003,2025-12-14 11:37:36.951,CANCELLED,12E,C*****59,MASKED-0823,,,,,NO_PAYMENT_RECORD
B1341,P1252,6F249,2025-07-04 11:37:36.951,CONFIRMED,5A,H*****56,MASKED-1075,8158.17,NETBANKING,True,2.0,PAYMENT_RECORDED
B1342,P1797,UK149,2025-04-29 11:37:36.951,CONFIRMED,4A,T*****96,MASKED-1209,8765.79,NETBANKING,False,3.0,PAYMENT_RECORDED
B1343,P1904,SJ163,2026-03-08 11:37:36.951,CONFIRMED,9F,R*****84,MASKED-5104,,,,,NO_PAYMENT_RECORD
B1344,P1921,SJ243,2026-03-28 11:37:36.951,CONFIRMED,1D,G*****30,MASKED-5145,,,,,NO_PAYMENT_RECORD
B1345,P1385,UK113,2025-06-06 11:37:36.951,CANCELLED,1A,N*****25,MASKED-7922,,,,,NO_PAYMENT_RECORD
B1346,P1061,AI071,2025-06-07 11:37:36.951,PENDING,30E,N*****41,MASKED-1806,,,,,NO_PAYMENT_RECORD
B1347,P1514,6F271,2026-02-07 11:37:36.951,PENDING,22A,X*****34,MASKED-6679,12000.54,CARD,False,1.0,PAYMENT_RECORDED
B1348,P1429,SJ015,2025-06-05 11:37:36.951,CANCELLED,27E,B*****30,MASKED-3196,,,,,NO_PAYMENT_RECORD
B1349,P1579,UK047,2025-11-19 11:37:36.951,CANCELLED,9E,A*****73,MASKED-4833,11101.75,CARD,False,1.0,PAYMENT_RECORDED
B1350,P1536,UK020,2026-02-04 11:37:36.951,PENDING,12A,L*****75,MASKED-8891,8540.17,CARD,False,3.0,PAYMENT_RECORDED
B1351,P1690,AI122,2025-09-03 11:37:36.951,PENDING,27F,X*****33,MASKED-6783,14687.44,UPI,False,1.0,PAYMENT_RECORDED
B1352,P1140,UK223,2025-10-20 11:37:36.951,CANCELLED,17D,A*****21,MASKED-2884,10103.51,UPI,False,2.0,PAYMENT_RECORDED
B1353,P1742,6F148,2025-09-19 11:37:36.951,CANCELLED,15F,Y*****52,MASKED-4844,,,,,NO_PAYMENT_RECORD
B1354,P1299,SJ162,2025-12-14 11:37:36.951,CONFIRMED,34A,G*****15,MASKED-9213,10023.88,UPI,False,1.0,PAYMENT_RECORDED
B1355,P1674,6F127,2026-03-30 11:37:36.951,CONFIRMED,28B,A*****18,MASKED-1313,8877.37,CARD,False,2.0,PAYMENT_RECORDED
B1356,P1310,AI173,2025-11-10 11:37:36.951,PENDING,11F,W*****77,MASKED-8460,,,,,NO_PAYMENT_RECORD
B1357,P1470,6F065,2026-02-05 11:37:36.951,UNKNOWN,14A,W*****78,MASKED-9923,6983.72,UPI,False,1.0,PAYMENT_RECORDED
B1358,P1392,AI053,2025-06-22 11:37:36.951,PENDING,20A,E*****45,MASKED-0560,,,,,NO_PAYMENT_RECORD
B1359,P1641,AI241,2025-10-22 11:37:36.951,CONFIRMED,14E,E*****28,MASKED-8471,9519.49,UPI,False,4.0,PAYMENT_RECORDED
B1360,P1444,AI105,2025-06-15 11:37:36.951,UNKNOWN,18D,E*****14,MASKED-2317,,,,,NO_PAYMENT_RECORD
B1361,P1757,AI110,2025-08-24 11:37:36.951,PENDING,13F,G*****59,MASKED-3821,5339.72,UPI,False,1.0,PAYMENT_RECORDED
B1362,P1808,AI252,2025-10-22 11:37:36.951,CONFIRMED,15B,E*****42,MASKED-7951,,,,,NO_PAYMENT_RECORD
B1363,P1171,AI149,2025-12-14 11:37:36.951,CANCELLED,3B,R*****53,MASKED-7515,8554.62,NETBANKING,False,1.0,PAYMENT_RECORDED
B1364,P1575,AI224,2025-09-09 11:37:36.951,PENDING,23F,L*****00,MASKED-8079,1147.36,NETBANKING,False,3.0,PAYMENT_RECORDED
B1365,P1030,UK158,2025-07-03 11:37:36.951,CANCELLED,15B,R*****19,MASKED-0703,,,,,NO_PAYMENT_RECORD
B1366,P1046,6F125,2025-05-05 11:37:36.951,CANCELLED,25E,A*****74,MASKED-5252,,,,,NO_PAYMENT_RECORD
B1367,P1129,UK164,2025-12-14 11:37:36.951,CONFIRMED,18A,X*****38,MASKED-0157,7723.56,UPI,True,2.0,PAYMENT_RECORDED
B1368,P1351,UK007,2025-12-26 11:37:36.951,CANCELLED,1E,F*****67,MASKED-7814,3626.55,UPI,False,3.0,PAYMENT_RECORDED
B1369,P1977,6F118,2026-03-18 11:37:36.951,PENDING,15F,N*****06,MASKED-2076,10519.7,UPI,False,3.0,PAYMENT_RECORDED
B1370,P1844,SJ004,2026-01-01 11:37:36.951,CANCELLED,19C,C*****04,MASKED-3721,14742.11,UPI,False,2.0,PAYMENT_RECORDED
B1371,P1621,6F206,2025-09-25 11:37:36.951,CANCELLED,15E,B*****93,MASKED-1602,,,,,NO_PAYMENT_RECORD
B1372,P1580,SJ130,2025-05-11 11:37:36.951,CANCELLED,11D,A*****32,MASKED-2017,5975.68,CARD,False,2.0,PAYMENT_RECORDED
B1373,P1057,SJ070,2026-02-14 11:37:36.951,CANCELLED,22F,D*****62,MASKED-1304,6540.32,UPI,False,1.0,PAYMENT_RECORDED
B1374,P1105,AI085,2025-04-24 11:37:36.951,CANCELLED,7F,E*****79,MASKED-7223,,,,,NO_PAYMENT_RECORD
B1375,P1811,SJ109,2025-09-02 11:37:36.951,CONFIRMED,15B,Z*****64,MASKED-9962,10064.26,UPI,False,2.0,PAYMENT_RECORDED
B1376,P1329,AI168,2025-08-24 11:37:36.951,PENDING,16B,H*****05,MASKED-9634,7723.56,UPI,True,3.0,PAYMENT_RECORDED
B1377,P1767,UK123,2025-10-24 11:37:36.951,CONFIRMED,26A,G*****87,MASKED-1232,,,,,NO_PAYMENT_RECORD
B1378,P1823,UK110,2026-01-16 11:37:36.951,PENDING,30D,J*****75,MASKED-8535,10365.35,CARD,False,2.0,PAYMENT_RECORDED
B1379,P1682,AI206,2025-11-02 11:37:36.951,PENDING,31C,Z*****59,MASKED-2178,,,,,NO_PAYMENT_RECORD
B1380,P1382,6F007,2026-04-16 11:37:36.951,PENDING,6B,Y*****42,MASKED-7743,14705.02,CARD,False,1.0,PAYMENT_RECORDED
B1381,P1984,SJ013,2025-11-11 11:37:36.951,PENDING,33A,M*****94,MASKED-3911,7452.89,UPI,False,1.0,PAYMENT_RECORDED
B1382,P1161,UK061,2025-09-19 11:37:36.951,PENDING,20D,N*****66,MASKED-2822,14862.46,UPI,False,1.0,PAYMENT_RECORDED
B1383,P1996,AI010,2025-09-24 11:37:36.951,CANCELLED,8C,H*****59,MASKED-2261,,,,,NO_PAYMENT_RECORD
B1384,P1285,AI024,2025-05-16 11:37:36.951,CONFIRMED,11D,D*****33,MASKED-3523,5107.55,NETBANKING,False,1.0,PAYMENT_RECORDED
B1385,P1070,UK130,2025-06-08 11:37:36.951,CONFIRMED,30B,L*****63,MASKED-3433,,,,,NO_PAYMENT_RECORD
B1386,P1766,AI161,2026-03-12 11:37:36.951,CANCELLED,10A,A*****52,MASKED-3897,,,,,NO_PAYMENT_RECORD
B1387,P1453,SJ208,2025-07-23 11:37:36.951,PENDING,24F,W*****23,MASKED-8754,,,,,NO_PAYMENT_RECORD
B1388,P1885,6F038,2025-09-23 11:37:36.951,INVALID,8D,F*****70,MASKED-8221,12160.17,UPI,False,2.0,PAYMENT_RECORDED
B1389,P1566,6F085,2026-02-22 11:37:36.951,UNKNOWN,30D,F*****37,MASKED-6220,8158.17,NETBANKING,True,1.0,PAYMENT_RECORDED
B1390,P1834,SJ028,2026-03-09 11:37:36.951,CANCELLED,8C,P*****70,MASKED-0994,,,,,NO_PAYMENT_RECORD
B1391,P1396,SJ084,2025-11-26 11:37:36.951,CONFIRMED,21F,B*****05,MASKED-8281,10231.31,CARD,False,3.0,PAYMENT_RECORDED
B1392,P1514,AI139,2026-03-27 11:37:36.951,CONFIRMED,21D,A*****42,MASKED-7852,,,,,NO_PAYMENT_RECORD
B1393,P1025,UK179,2026-04-06 11:37:36.951,PENDING,26E,P*****13,MASKED-3402,5252.26,UPI,False,1.0,PAYMENT_RECORDED
B1394,P1312,6F256,2025-07-23 11:37:36.951,PENDING,23F,F*****95,MASKED-2923,,,,,NO_PAYMENT_RECORD
B1395,P1125,UK023,2026-02-10 11:37:36.951,INVALID,23B,N*****73,MASKED-8777,10317.13,NETBANKING,False,1.0,PAYMENT_RECORDED
B1396,P1407,AI039,2025-08-03 11:37:36.951,UNKNOWN,13E,M*****73,MASKED-9194,14467.69,CARD,False,2.0,PAYMENT_RECORDED
B1397,P1564,UK190,2026-02-05 11:37:36.951,CANCELLED,28D,K*****23,MASKED-3359,3065.33,NETBANKING,False,1.0,PAYMENT_RECORDED
B1398,P1197,6F224,2026-02-04 11:37:36.951,PENDING,3E,M*****87,MASKED-2164,7148.95,NETBANKING,False,1.0,PAYMENT_RECORDED
B1399,P1810,UK221,2025-05-31 11:37:36.951,PENDING,7A,Y*****60,MASKED-5517,,,,,NO_PAYMENT_RECORD
B1400,P1187,SJ107,2026-04-02 11:37:36.951,CANCELLED,12F,E*****88,MASKED-9488,3063.78,UPI,False,1.0,PAYMENT_RECORDED
B1401,P1697,UK155,2025-04-20 11:37:36.951,UNKNOWN,21D,Z*****73,MASKED-6092,7755.08,CARD,False,3.0,PAYMENT_RECORDED
B1402,P1816,UK183,2026-03-21 11:37:36.951,CANCELLED,7E,E*****80,MASKED-8758,7010.5,UPI,False,2.0,PAYMENT_RECORDED
B1403,P1809,SJ203,2025-05-08 11:37:36.951,PENDING,26A,E*****25,MASKED-8210,,,,,NO_PAYMENT_RECORD
B1404,P1715,6F253,2026-03-07 11:37:36.951,INVALID,16A,Y*****37,MASKED-1783,7473.06,UPI,False,1.0,PAYMENT_RECORDED
B1405,P1483,AI100,2025-08-26 11:37:36.951,PENDING,32F,B*****30,MASKED-0547,,,,,NO_PAYMENT_RECORD
B1406,P1449,6F140,2025-06-24 11:37:36.951,CONFIRMED,15D,W*****01,MASKED-4687,6800.32,NETBANKING,False,2.0,PAYMENT_RECORDED
B1407,P1522,UK048,2025-08-26 11:37:36.951,CONFIRMED,25A,B*****75,MASKED-5796,,,,,NO_PAYMENT_RECORD
B1408,P1870,SJ204,2025-07-29 11:37:36.951,CONFIRMED,12F,J*****91,MASKED-5629,1244.03,NETBANKING,False,2.0,PAYMENT_RECORDED
B1409,P1353,UK105,2026-03-24 11:37:36.951,CONFIRMED,28C,C*****55,MASKED-6973,1095.0,UPI,False,1.0,PAYMENT_RECORDED
B1410,P1985,AI098,2026-04-13 11:37:36.951,CONFIRMED,32C,C*****57,MASKED-7244,,,,,NO_PAYMENT_RECORD
B1411,P1657,6F013,2025-10-12 11:37:36.951,CANCELLED,1A,T*****62,MASKED-0131,7520.78,NETBANKING,False,2.0,PAYMENT_RECORDED
B1412,P1596,6F128,2025-11-18 11:37:36.951,CANCELLED,28E,E*****93,MASKED-1987,10616.41,NETBANKING,False,1.0,PAYMENT_RECORDED
B1413,P1099,SJ038,2025-10-05 11:37:36.951,UNKNOWN,14A,W*****87,MASKED-3192,,,,,NO_PAYMENT_RECORD
B1414,P1615,SJ182,2026-01-07 11:37:36.951,CONFIRMED,25F,T*****27,MASKED-1680,6182.07,NETBANKING,False,1.0,PAYMENT_RECORDED
B1415,P1947,6F199,2026-03-22 11:37:36.951,PENDING,23B,L*****86,MASKED-3723,,,,,NO_PAYMENT_RECORD
B1416,P1557,SJ187,2025-08-17 11:37:36.951,CANCELLED,20B,X*****65,MASKED-6446,,,,,NO_PAYMENT_RECORD
B1417,P1555,AI182,2025-08-18 11:37:36.951,PENDING,8E,X*****02,MASKED-7960,3890.23,UPI,False,2.0,PAYMENT_RECORDED
B1418,P1277,SJ027,2025-05-04 11:37:36.951,PENDING,19D,A*****97,MASKED-4412,12326.46,CARD,False,1.0,PAYMENT_RECORDED
B1419,P1692,SJ062,2026-01-20 11:37:36.951,CONFIRMED,20E,B*****64,MASKED-8119,1424.75,CARD,False,2.0,PAYMENT_RECORDED
B1420,P1698,SJ161,2026-02-24 11:37:36.951,CONFIRMED,27B,N*****41,MASKED-8349,7161.79,UPI,False,1.0,PAYMENT_RECORDED
B1421,P1989,UK058,2025-10-03 11:37:36.951,UNKNOWN,23C,P*****63,MASKED-7587,,,,,NO_PAYMENT_RECORD
B1422,P1625,AI181,2026-01-04 11:37:36.951,CANCELLED,12D,G*****69,MASKED-9552,4826.6,UPI,False,1.0,PAYMENT_RECORDED
B1423,P1490,AI003,2025-06-12 11:37:36.951,CONFIRMED,14A,D*****35,MASKED-4983,,,,,NO_PAYMENT_RECORD
B1424,P1254,6F150,2025-11-05 11:37:36.951,CANCELLED,11D,R*****28,MASKED-4194,,,,,NO_PAYMENT_RECORD
B1425,P1380,SJ175,2025-06-28 11:37:36.951,CANCELLED,34E,G*****94,MASKED-3711,,,,,NO_PAYMENT_RECORD
B1426,P1891,6F041,2025-12-15 11:37:36.951,CANCELLED,17C,N*****45,MASKED-9164,8025.265,CARD,True,1.0,PAYMENT_RECORDED
B1427,P1541,SJ040,2026-04-15 11:37:36.951,CANCELLED,16E,J*****99,MASKED-8098,,,,,NO_PAYMENT_RECORD
B1428,P1263,6F020,2025-06-17 11:37:36.951,CONFIRMED,27C,J*****94,MASKED-9799,,,,,NO_PAYMENT_RECORD
B1429,P1609,AI248,2025-05-08 11:37:36.951,CANCELLED,27B,W*****58,MASKED-1643,9998.44,CARD,False,2.0,PAYMENT_RECORDED
B1430,P1824,SJ016,2026-02-08 11:37:36.951,CONFIRMED,11A,G*****13,MASKED-0947,,,,,NO_PAYMENT_RECORD
B1431,P1878,UK204,2025-11-21 11:37:36.951,CONFIRMED,31C,X*****70,MASKED-2572,12583.38,NETBANKING,False,2.0,PAYMENT_RECORDED
B1432,P1328,6F211,2025-09-02 11:37:36.951,CANCELLED,9B,M*****79,MASKED-8848,,,,,NO_PAYMENT_RECORD
B1433,P1114,SJ166,2025-05-07 11:37:36.951,CONFIRMED,5B,A*****46,MASKED-3703,14067.26,CARD,False,2.0,PAYMENT_RECORDED
B1434,P1275,AI036,2025-10-19 11:37:36.951,PENDING,30C,B*****13,MASKED-8755,1027.05,UPI,False,2.0,PAYMENT_RECORDED
B1435,P1487,SJ215,2025-09-18 11:37:36.951,CONFIRMED,1E,V*****57,MASKED-2470,8589.93,CARD,False,1.0,PAYMENT_RECORDED
B1436,P1280,AI076,2026-01-05 11:37:36.951,CONFIRMED,20B,C*****58,MASKED-9786,,,,,NO_PAYMENT_RECORD
B1437,P1274,SJ012,2025-11-28 11:37:36.951,CANCELLED,24A,L*****38,MASKED-6956,,,,,NO_PAYMENT_RECORD
B1438,P1772,AI073,2026-04-01 11:37:36.951,UNKNOWN,20D,F*****33,MASKED-4578,7670.85,UPI,False,1.0,PAYMENT_RECORDED
B1439,P1842,SJ173,2025-11-09 11:37:36.951,CONFIRMED,27E,J*****37,MASKED-5093,7292.76,NETBANKING,False,1.0,PAYMENT_RECORDED
B1440,P1718,AI193,2026-03-09 11:37:36.951,CANCELLED,25E,W*****94,MASKED-2446,,,,,NO_PAYMENT_RECORD
B1441,P1895,SJ131,2025-09-22 11:37:36.951,INVALID,13A,Z*****74,MASKED-5768,,,,,NO_PAYMENT_RECORD
B1442,P1327,AI225,2025-06-02 11:37:36.951,PENDING,11E,L*****02,MASKED-2524,11779.89,NETBANKING,False,1.0,PAYMENT_RECORDED
B1443,P1210,AI190,2025-10-09 11:37:36.951,CANCELLED,9E,N*****33,MASKED-4504,7723.56,UPI,True,1.0,PAYMENT_RECORDED
B1444,P1726,SJ238,2025-12-25 11:37:36.951,CONFIRMED,7B,H*****69,MASKED-5352,,,,,NO_PAYMENT_RECORD
B1445,P1922,6F005,2025-12-21 11:37:36.951,PENDING,5F,H*****77,MASKED-8689,9862.4,CARD,False,1.0,PAYMENT_RECORDED
B1446,P1551,UK136,2025-09-25 11:37:36.951,PENDING,23C,P*****27,MASKED-0651,7723.56,UPI,True,3.0,PAYMENT_RECORDED
B1447,P1991,SJ063,2025-05-21 11:37:36.951,CONFIRMED,15F,B*****12,MASKED-2839,13762.65,NETBANKING,False,2.0,PAYMENT_RECORDED
B1448,P1025,6F175,2025-11-21 11:37:36.951,CANCELLED,9E,T*****20,MASKED-9801,,,,,NO_PAYMENT_RECORD
B1449,P1026,AI037,2025-05-23 11:37:36.951,PENDING,19A,C*****22,MASKED-2828,,,,,NO_PAYMENT_RECORD
B1450,P1701,UK225,2025-11-11 11:37:36.951,CONFIRMED,21C,R*****77,MASKED-7953,,,,,NO_PAYMENT_RECORD
B1451,P1082,AI141,2025-05-20 11:37:36.951,CONFIRMED,15E,Y*****58,MASKED-8759,10311.86,CARD,False,1.0,PAYMENT_RECORDED
B1452,P1895,6F172,2026-01-26 11:37:36.951,PENDING,3E,T*****25,MASKED-8446,,,,,NO_PAYMENT_RECORD
B1453,P1945,6F219,2026-02-07 11:37:36.951,CANCELLED,16F,N*****37,MASKED-4326,3957.99,UPI,False,2.0,PAYMENT_RECORDED
B1454,P1681,AI045,2025-08-16 11:37:36.951,PENDING,8E,X*****10,MASKED-0104,,,,,NO_PAYMENT_RECORD
B1455,P1412,AI198,2026-04-12 11:37:36.951,CONFIRMED,30A,B*****01,MASKED-2579,12781.22,UPI,False,2.0,PAYMENT_RECORDED
B1456,P1166,AI120,2025-04-24 11:37:36.951,PENDING,17F,B*****99,MASKED-3796,,,,,NO_PAYMENT_RECORD
B1457,P1699,6F134,2025-06-11 11:37:36.951,CANCELLED,32D,Y*****22,MASKED-2082,5769.17,CARD,False,1.0,PAYMENT_RECORDED
B1458,P1168,UK102,2025-11-19 11:37:36.951,CONFIRMED,10B,H*****54,MASKED-3841,8073.17,NETBANKING,False,1.0,PAYMENT_RECORDED
B1459,P1800,SJ199,2025-06-10 11:37:36.951,CANCELLED,1F,F*****33,MASKED-8817,4427.75,UPI,False,3.0,PAYMENT_RECORDED
B1460,P1978,6F235,2025-10-01 11:37:36.951,PENDING,32E,K*****88,MASKED-9563,,,,,NO_PAYMENT_RECORD
B1461,P1228,UK065,2025-10-14 11:37:36.951,PENDING,33F,J*****96,MASKED-4497,5775.44,NETBANKING,False,3.0,PAYMENT_RECORDED
B1462,P1978,6F135,2025-12-03 11:37:36.951,CANCELLED,26D,Y*****92,MASKED-3941,6497.79,CARD,False,1.0,PAYMENT_RECORDED
B1463,P1608,SJ148,2026-02-10 11:37:36.951,PENDING,31C,Y*****77,MASKED-7988,5703.58,NETBANKING,False,2.0,PAYMENT_RECORDED
B1464,P1366,AI083,2026-03-07 11:37:36.951,CANCELLED,6B,M*****65,MASKED-5287,4535.96,CARD,False,1.0,PAYMENT_RECORDED
B1465,P1527,UK024,2025-07-02 11:37:36.951,PENDING,5C,Z*****41,MASKED-9035,,,,,NO_PAYMENT_RECORD
B1466,P1790,UK220,2025-04-27 11:37:36.951,CANCELLED,28B,B*****63,MASKED-2257,,,,,NO_PAYMENT_RECORD
B1467,P1646,UK115,2025-04-30 11:37:36.951,CANCELLED,25A,E*****06,MASKED-4253,13307.54,CARD,False,1.0,PAYMENT_RECORDED
B1468,P1537,AI255,2025-07-16 11:37:36.951,CONFIRMED,14F,J*****13,MASKED-2325,14054.88,NETBANKING,False,2.0,PAYMENT_RECORDED
B1469,P1863,6F001,2025-12-25 11:37:36.951,CONFIRMED,11A,Z*****83,MASKED-6316,,,,,NO_PAYMENT_RECORD
B1470,P1523,6F132,2025-05-27 11:37:36.951,CANCELLED,24E,E*****81,MASKED-0375,,,,,NO_PAYMENT_RECORD
B1471,P1071,UK184,2026-03-28 11:37:36.951,PENDING,8E,W*****01,MASKED-4844,,,,,NO_PAYMENT_RECORD
B1472,P1644,6F098,2025-06-06 11:37:36.951,PENDING,3D,W*****20,MASKED-1373,,,,,NO_PAYMENT_RECORD
B1473,P1105,SJ168,2025-07-19 11:37:36.951,PENDING,21F,V*****58,MASKED-8854,,,,,NO_PAYMENT_RECORD
B1474,P1731,SJ178,2025-07-28 11:37:36.951,CANCELLED,14C,N*****62,MASKED-6881,10060.35,UPI,False,3.0,PAYMENT_RECORDED
B1475,P1884,UK111,2026-03-07 11:37:36.951,CANCELLED,2C,Y*****32,MASKED-5334,2786.72,NETBANKING,False,3.0,PAYMENT_RECORDED
B1476,P1964,SJ051,2026-02-27 11:37:36.951,CANCELLED,32E,K*****14,MASKED-7876,,,,,NO_PAYMENT_RECORD
B1477,P1688,SJ193,2025-07-06 11:37:36.951,CANCELLED,18E,T*****99,MASKED-4320,4907.19,CARD,False,3.0,PAYMENT_RECORDED
B1478,P1281,SJ039,2026-02-24 11:37:36.951,CONFIRMED,28D,F*****03,MASKED-0683,2928.68,CARD,False,1.0,PAYMENT_RECORDED
B1479,P1132,UK066,2025-12-17 11:37:36.951,CANCELLED,22B,F*****28,MASKED-6229,10059.56,NETBANKING,False,2.0,PAYMENT_RECORDED
B1480,P1533,SJ050,2026-03-14 11:37:36.951,PENDING,34B,D*****43,MASKED-6905,3112.82,CARD,False,1.0,PAYMENT_RECORDED
B1481,P1974,6F052,2025-06-11 11:37:36.951,CONFIRMED,4D,W*****90,MASKED-8664,,,,,NO_PAYMENT_RECORD
B1482,P1268,SJ170,2025-08-29 11:37:36.951,PENDING,14E,P*****28,MASKED-6092,7655.83,UPI,False,2.0,PAYMENT_RECORDED
B1483,P1411,SJ119,2025-06-09 11:37:36.951,UNKNOWN,26B,G*****51,MASKED-9169,10562.26,CARD,False,1.0,PAYMENT_RECORDED
B1484,P1672,AI219,2025-05-07 11:37:36.951,CONFIRMED,13B,D*****01,MASKED-6412,,,,,NO_PAYMENT_RECORD
B1485,P1618,6F220,2025-07-05 11:37:36.951,CANCELLED,12D,H*****35,MASKED-6833,,,,,NO_PAYMENT_RECORD
B1486,P1790,AI207,2025-05-04 11:37:36.951,CONFIRMED,3D,T*****61,MASKED-7259,4695.45,UPI,False,3.0,PAYMENT_RECORDED
B1487,P1864,6F024,2026-01-26 11:37:36.951,PENDING,5E,X*****43,MASKED-2871,,,,,NO_PAYMENT_RECORD
B1488,P1746,SJ073,2025-05-04 11:37:36.951,CANCELLED,27E,Y*****15,MASKED-3418,12915.55,NETBANKING,False,2.0,PAYMENT_RECORDED
B1489,P1017,SJ201,2025-07-08 11:37:36.951,CANCELLED,24F,K*****66,MASKED-4879,,,,,NO_PAYMENT_RECORD
B1490,P1753,AI180,2026-03-10 11:37:36.951,CONFIRMED,29B,N*****25,MASKED-2386,1217.88,CARD,False,2.0,PAYMENT_RECORDED
B1491,P1116,UK022,2025-07-16 11:37:36.951,CONFIRMED,18F,V*****39,MASKED-4694,6534.99,UPI,False,1.0,PAYMENT_RECORDED
B1492,P1797,AI202,2026-03-27 11:37:36.951,CANCELLED,29C,Z*****90,MASKED-3773,,,,,NO_PAYMENT_RECORD
B1493,P1793,6F212,2025-06-01 11:37:36.952,CONFIRMED,26D,Y*****79,MASKED-0915,,,,,NO_PAYMENT_RECORD
B1494,P1143,6F163,2025-06-09 11:37:36.952,CANCELLED,23F,A*****48,MASKED-9861,,,,,NO_PAYMENT_RECORD
B1495,P1716,UK028,2025-10-15 11:37:36.952,CONFIRMED,27D,J*****41,MASKED-4823,5584.17,CARD,False,2.0,PAYMENT_RECORDED
B1496,P1550,6F243,2026-03-21 11:37:36.952,PENDING,7D,R*****88,MASKED-9307,2901.65,UPI,False,1.0,PAYMENT_RECORDED
B1497,P1928,AI165,2025-09-02 11:37:36.952,CONFIRMED,11F,X*****09,MASKED-3751,,,,,NO_PAYMENT_RECORD
B1498,P1665,UK099,2025-07-18 11:37:36.952,PENDING,3D,L*****27,MASKED-4113,,,,,NO_PAYMENT_RECORD
B1499,P1687,AI033,2025-06-17 11:37:36.952,INVALID,17C,W*****48,MASKED-6364,,,,,NO_PAYMENT_RECORD
B1500,P1960,UK056,2025-04-30 11:37:36.952,CONFIRMED,22D,H*****30,MASKED-5186,1303.07,CARD,False,1.0,PAYMENT_RECORDED
B1501,P1752,SJ122,2025-09-04 11:37:36.952,CANCELLED,23D,W*****41,MASKED-3227,13707.55,CARD,False,3.0,PAYMENT_RECORDED
B1502,P1421,AI086,2025-10-15 11:37:36.952,CONFIRMED,23F,E*****30,MASKED-9285,7252.43,UPI,False,2.0,PAYMENT_RECORDED
B1503,P1897,SJ011,2025-10-17 11:37:36.952,CONFIRMED,25C,N*****05,MASKED-3000,,,,,NO_PAYMENT_RECORD
B1504,P1368,SJ021,2025-04-21 11:37:36.952,PENDING,4E,J*****67,MASKED-2210,4316.96,NETBANKING,False,3.0,PAYMENT_RECORDED
B1505,P1645,SJ106,2025-11-29 11:37:36.952,CONFIRMED,8F,A*****00,MASKED-8147,7472.98,UPI,False,1.0,PAYMENT_RECORDED
B1506,P1557,SJ026,2026-01-29 11:37:36.952,CANCELLED,9E,M*****44,MASKED-4300,,,,,NO_PAYMENT_RECORD
B1507,P1049,SJ245,2025-11-27 11:37:36.952,PENDING,20A,T*****52,MASKED-7266,4865.21,NETBANKING,False,1.0,PAYMENT_RECORDED
B1508,P1677,AI023,2025-07-31 11:37:36.952,UNKNOWN,9C,E*****67,MASKED-0857,4799.03,CARD,False,3.0,PAYMENT_RECORDED
B1509,P1105,AI032,2025-09-25 11:37:36.952,CANCELLED,14F,F*****53,MASKED-2022,,,,,NO_PAYMENT_RECORD
B1510,P1215,AI236,2025-05-11 11:37:36.952,CANCELLED,19F,A*****48,MASKED-4326,3179.45,CARD,False,1.0,PAYMENT_RECORDED
B1511,P1657,6F094,2025-12-24 11:37:36.952,CANCELLED,15C,Y*****13,MASKED-5952,12346.57,UPI,False,1.0,PAYMENT_RECORDED
B1512,P1922,UK163,2025-12-21 11:37:36.952,PENDING,4A,C*****12,MASKED-9229,5747.83,CARD,False,1.0,PAYMENT_RECORDED
B1513,P1424,UK163,2025-06-30 11:37:36.952,CONFIRMED,32B,E*****27,MASKED-9146,13685.53,CARD,False,2.0,PAYMENT_RECORDED
B1514,P1071,SJ045,2025-05-07 11:37:36.952,CANCELLED,21E,J*****85,MASKED-6774,7723.56,UPI,True,1.0,PAYMENT_RECORDED
B1515,P1987,SJ006,2025-07-06 11:37:36.952,PENDING,26A,F*****51,MASKED-1986,,,,,NO_PAYMENT_RECORD
B1516,P1841,SJ103,2025-08-05 11:37:36.952,CANCELLED,34F,M*****50,MASKED-1214,3242.75,UPI,False,1.0,PAYMENT_RECORDED
B1517,P1784,6F221,2026-01-16 11:37:36.952,INVALID,31B,K*****44,MASKED-2215,8025.265,CARD,True,1.0,PAYMENT_RECORDED
B1518,P1758,SJ147,2026-03-20 11:37:36.952,INVALID,30A,G*****41,MASKED-4061,,,,,NO_PAYMENT_RECORD
B1519,P1445,SJ064,2026-03-25 11:37:36.952,PENDING,3C,K*****93,MASKED-0765,9403.54,NETBANKING,False,2.0,PAYMENT_RECORDED
B1520,P1924,AI028,2026-04-02 11:37:36.952,CONFIRMED,27A,V*****83,MASKED-3299,14340.74,CARD,False,1.0,PAYMENT_RECORDED
B1521,P1185,AI148,2025-11-08 11:37:36.952,PENDING,31E,G*****08,MASKED-9694,3965.19,CARD,False,3.0,PAYMENT_RECORDED
B1522,P1069,6F263,2025-08-31 11:37:36.952,CONFIRMED,1C,W*****73,MASKED-9631,,,,,NO_PAYMENT_RECORD
B1523,P1973,SJ067,2025-05-19 11:37:36.952,PENDING,21F,L*****46,MASKED-3458,10733.84,NETBANKING,False,2.0,PAYMENT_RECORDED
B1524,P1149,6F061,2025-06-17 11:37:36.952,PENDING,23D,H*****91,MASKED-4363,8542.82,CARD,False,2.0,PAYMENT_RECORDED
B1525,P1245,AI254,2025-05-29 11:37:36.952,UNKNOWN,11E,K*****76,MASKED-3227,7869.06,UPI,False,1.0,PAYMENT_RECORDED
B1526,P1773,SJ136,2025-11-15 11:37:36.952,CONFIRMED,17D,C*****99,MASKED-2969,7999.68,CARD,False,2.0,PAYMENT_RECORDED
B1527,P1537,AI046,2025-07-09 11:37:36.952,PENDING,8A,L*****00,MASKED-3822,11891.78,CARD,False,1.0,PAYMENT_RECORDED
B1528,P1934,UK174,2026-03-28 11:37:36.952,PENDING,6E,H*****21,MASKED-4067,,,,,NO_PAYMENT_RECORD
B1529,P1651,6F066,2025-04-30 11:37:36.952,UNKNOWN,34C,V*****48,MASKED-8533,,,,,NO_PAYMENT_RECORD
B1530,P1098,UK095,2025-12-08 11:37:36.952,INVALID,23E,M*****59,MASKED-4054,13655.72,CARD,False,3.0,PAYMENT_RECORDED
B1531,P1909,6F063,2026-04-01 11:37:36.952,PENDING,30F,D*****79,MASKED-0108,12739.01,UPI,False,3.0,PAYMENT_RECORDED
B1532,P1277,UK118,2025-04-22 11:37:36.952,PENDING,30A,E*****71,MASKED-4314,14865.24,NETBANKING,False,3.0,PAYMENT_RECORDED
B1533,P1562,UK218,2025-09-15 11:37:36.952,PENDING,28D,X*****43,MASKED-4584,,,,,NO_PAYMENT_RECORD
B1534,P1662,UK031,2025-09-11 11:37:36.952,CONFIRMED,34E,N*****03,MASKED-8286,12347.23,NETBANKING,False,1.0,PAYMENT_RECORDED
B1535,P1943,UK142,2026-04-02 11:37:36.952,PENDING,6C,P*****97,MASKED-5314,13561.41,NETBANKING,False,2.0,PAYMENT_RECORDED
B1536,P1454,AI002,2025-06-01 11:37:36.952,UNKNOWN,4C,A*****77,MASKED-6512,6548.99,NETBANKING,False,1.0,PAYMENT_RECORDED
B1537,P1103,UK070,2025-10-08 11:37:36.952,CONFIRMED,21F,W*****51,MASKED-5625,9202.57,NETBANKING,False,1.0,PAYMENT_RECORDED
B1538,P1945,SJ121,2026-03-17 11:37:36.952,PENDING,8E,R*****01,MASKED-9144,,,,,NO_PAYMENT_RECORD
B1539,P1600,UK201,2025-06-11 11:37:36.952,CONFIRMED,20B,X*****97,MASKED-9059,3036.88,CARD,False,2.0,PAYMENT_RECORDED
B1540,P1652,AI138,2026-01-15 11:37:36.952,CANCELLED,7E,D*****85,MASKED-6491,3640.69,CARD,False,1.0,PAYMENT_RECORDED
B1541,P1724,SJ014,2025-12-16 11:37:36.952,CONFIRMED,26A,K*****73,MASKED-9845,12031.17,NETBANKING,False,1.0,PAYMENT_RECORDED
B1542,P1232,SJ053,2025-12-13 11:37:36.952,PENDING,14F,V*****71,MASKED-0037,,,,,NO_PAYMENT_RECORD
B1543,P1393,SJ241,2025-06-16 11:37:36.952,CANCELLED,4F,Y*****39,MASKED-0271,3207.85,UPI,False,1.0,PAYMENT_RECORDED
B1544,P1500,AI249,2025-09-01 11:37:36.952,CANCELLED,16A,L*****47,MASKED-6093,3982.8,NETBANKING,False,2.0,PAYMENT_RECORDED
B1545,P1694,AI176,2026-03-08 11:37:36.952,PENDING,8A,N*****55,MASKED-5520,10968.41,CARD,False,2.0,PAYMENT_RECORDED
B1546,P1250,SJ234,2026-04-02 11:37:36.952,PENDING,32B,H*****37,MASKED-0567,,,,,NO_PAYMENT_RECORD
B1547,P1520,6F115,2025-04-18 11:37:36.952,PENDING,16C,F*****05,MASKED-7207,,,,,NO_PAYMENT_RECORD
B1548,P1078,AI020,2025-10-04 11:37:36.952,CONFIRMED,7E,C*****10,MASKED-2739,,,,,NO_PAYMENT_RECORD
B1549,P1051,AI020,2025-12-16 11:37:36.952,CONFIRMED,24A,Z*****40,MASKED-9899,,,,,NO_PAYMENT_RECORD
B1550,P1897,6F079,2025-12-06 11:37:36.952,CONFIRMED,10D,W*****04,MASKED-8049,,,,,NO_PAYMENT_RECORD
B1551,P1920,6F104,2025-11-14 11:37:36.952,INVALID,8E,P*****47,MASKED-1188,,,,,NO_PAYMENT_RECORD
B1552,P1780,UK046,2026-02-06 11:37:36.952,PENDING,32D,L*****06,MASKED-5811,12589.6,NETBANKING,False,1.0,PAYMENT_RECORDED
B1553,P1225,SJ217,2025-11-15 11:37:36.952,CONFIRMED,33D,Y*****84,MASKED-1142,1883.33,UPI,False,1.0,PAYMENT_RECORDED
B1554,P1050,6F142,2025-08-26 11:37:36.952,CANCELLED,8D,M*****27,MASKED-9652,,,,,NO_PAYMENT_RECORD
B1555,P1185,SJ139,2026-04-04 11:37:36.952,CONFIRMED,3B,A*****64,MASKED-2397,13344.12,NETBANKING,False,1.0,PAYMENT_RECORDED
B1556,P1033,6F059,2026-01-18 11:37:36.952,CANCELLED,31D,X*****38,MASKED-2837,,,,,NO_PAYMENT_RECORD
B1557,P1802,6F067,2025-08-10 11:37:36.952,PENDING,17A,H*****70,MASKED-6950,4044.27,UPI,False,2.0,PAYMENT_RECORDED
B1558,P1741,AI007,2025-08-07 11:37:36.952,PENDING,27A,A*****38,MASKED-6792,6827.65,UPI,False,2.0,PAYMENT_RECORDED
B1559,P1130,UK202,2026-01-20 11:37:36.952,CONFIRMED,5F,E*****04,MASKED-9332,3622.91,NETBANKING,False,1.0,PAYMENT_RECORDED
B1560,P1631,AI200,2026-03-07 11:37:36.952,CONFIRMED,18C,C*****20,MASKED-1527,,,,,NO_PAYMENT_RECORD
B1561,P1442,UK172,2026-01-27 11:37:36.952,PENDING,18C,B*****32,MASKED-8123,3136.04,UPI,False,2.0,PAYMENT_RECORDED
B1562,P1837,6F214,2025-05-01 11:37:36.952,CONFIRMED,10B,Z*****41,MASKED-0671,6572.09,UPI,False,1.0,PAYMENT_RECORDED
B1563,P1758,UK037,2025-09-11 11:37:36.952,PENDING,27B,R*****64,MASKED-2002,,,,,NO_PAYMENT_RECORD
B1564,P1431,AI022,2025-08-14 11:37:36.952,PENDING,17F,M*****40,MASKED-3793,3514.52,NETBANKING,False,1.0,PAYMENT_RECORDED
B1565,P1703,AI243,2026-02-06 11:37:36.952,CANCELLED,20D,P*****03,MASKED-3185,3804.91,UPI,False,2.0,PAYMENT_RECORDED
B1566,P1496,SJ174,2025-10-08 11:37:36.952,CONFIRMED,29F,N*****86,MASKED-6762,14905.16,CARD,False,2.0,PAYMENT_RECORDED
B1567,P1402,SJ079,2025-11-13 11:37:36.952,PENDING,9A,E*****66,MASKED-1070,10982.24,CARD,False,1.0,PAYMENT_RECORDED
B1568,P1322,UK097,2025-12-21 11:37:36.952,CONFIRMED,21A,P*****77,MASKED-2658,8158.17,NETBANKING,True,1.0,PAYMENT_RECORDED
B1569,P1209,AI013,2025-12-26 11:37:36.952,CANCELLED,14E,T*****07,MASKED-3310,,,,,NO_PAYMENT_RECORD
B1570,P1614,UK196,2025-11-21 11:37:36.952,CANCELLED,25E,G*****13,MASKED-2605,3945.41,UPI,False,2.0,PAYMENT_RECORDED
B1571,P1328,SJ213,2025-11-06 11:37:36.952,CONFIRMED,2C,V*****21,MASKED-7878,,,,,NO_PAYMENT_RECORD
B1572,P1371,UK119,2025-05-26 11:37:36.952,CONFIRMED,5D,J*****28,MASKED-5075,13849.86,NETBANKING,False,2.0,PAYMENT_RECORDED
B1573,P1459,AI043,2026-03-18 11:37:36.952,PENDING,19B,J*****34,MASKED-3229,7629.97,NETBANKING,False,1.0,PAYMENT_RECORDED
B1574,P1132,AI043,2025-04-29 11:37:36.952,CANCELLED,18A,E*****23,MASKED-9310,13905.05,UPI,False,1.0,PAYMENT_RECORDED
B1575,P1834,AI143,2025-06-16 11:37:36.952,CANCELLED,2B,A*****26,MASKED-6952,12516.91,CARD,False,1.0,PAYMENT_RECORDED
B1576,P1650,SJ032,2025-10-20 11:37:36.952,UNKNOWN,6F,Z*****76,MASKED-0459,8025.265,CARD,True,1.0,PAYMENT_RECORDED
B1577,P1120,6F050,2026-01-24 11:37:36.952,CONFIRMED,23A,K*****59,MASKED-7918,,,,,NO_PAYMENT_RECORD
B1578,P1605,AI134,2025-12-25 11:37:36.952,PENDING,6B,E*****89,MASKED-9506,2200.51,UPI,False,3.0,PAYMENT_RECORDED
B1579,P1451,6F182,2025-04-24 11:37:36.952,CONFIRMED,28E,N*****78,MASKED-9676,2832.27,NETBANKING,False,2.0,PAYMENT_RECORDED
B1580,P1964,SJ086,2025-10-08 11:37:36.952,CONFIRMED,20D,G*****84,MASKED-8537,4607.2,UPI,False,3.0,PAYMENT_RECORDED
B1581,P1128,6F170,2025-08-06 11:37:36.952,CONFIRMED,3D,V*****19,MASKED-9860,9514.99,NETBANKING,False,2.0,PAYMENT_RECORDED
B1582,P1090,UK168,2025-04-24 11:37:36.952,PENDING,34B,X*****06,MASKED-9275,13552.0,UPI,False,1.0,PAYMENT_RECORDED
B1583,P1603,SJ072,2026-02-22 11:37:36.952,UNKNOWN,33D,Z*****84,MASKED-0940,,,,,NO_PAYMENT_RECORD
B1584,P1574,UK075,2025-04-28 11:37:36.952,CANCELLED,21C,B*****86,MASKED-7633,13148.95,CARD,False,2.0,PAYMENT_RECORDED
B1585,P1028,6F233,2026-01-08 11:37:36.952,CANCELLED,1C,E*****72,MASKED-9970,7723.56,UPI,True,3.0,PAYMENT_RECORDED
B1586,P1721,SJ143,2025-11-13 11:37:36.952,CANCELLED,25B,G*****88,MASKED-4180,,,,,NO_PAYMENT_RECORD
B1587,P1523,SJ246,2025-06-28 11:37:36.952,PENDING,34E,N*****00,MASKED-4298,11740.35,NETBANKING,False,1.0,PAYMENT_RECORDED
B1588,P1332,SJ247,2025-11-04 11:37:36.952,CONFIRMED,10B,J*****16,MASKED-1813,12810.22,UPI,False,1.0,PAYMENT_RECORDED
B1589,P1296,UK157,2025-08-31 11:37:36.952,PENDING,3D,T*****79,MASKED-8641,14149.64,UPI,False,3.0,PAYMENT_RECORDED
B1590,P1129,UK069,2026-04-01 11:37:36.952,CONFIRMED,25B,L*****74,MASKED-8124,1015.84,UPI,False,1.0,PAYMENT_RECORDED
B1591,P1292,AI106,2025-11-20 11:37:36.952,CANCELLED,8A,A*****36,MASKED-3665,11559.24,UPI,False,2.0,PAYMENT_RECORDED
B1592,P1172,UK085,2025-11-17 11:37:36.952,CONFIRMED,24F,C*****98,MASKED-0691,,,,,NO_PAYMENT_RECORD
B1593,P1719,6F087,2025-09-24 11:37:36.952,UNKNOWN,1A,V*****34,MASKED-6311,,,,,NO_PAYMENT_RECORD
B1594,P1943,AI067,2025-06-01 11:37:36.952,CONFIRMED,25E,L*****75,MASKED-0775,1448.88,NETBANKING,False,1.0,PAYMENT_RECORDED
B1595,P1023,6F226,2026-01-07 11:37:36.952,PENDING,4E,X*****01,MASKED-5375,11063.32,UPI,False,2.0,PAYMENT_RECORDED
B1596,P1098,SJ210,2025-12-20 11:37:36.952,CONFIRMED,15E,Z*****22,MASKED-7815,14525.4,UPI,False,2.0,PAYMENT_RECORDED
B1597,P1405,6F269,2025-10-23 11:37:36.952,CONFIRMED,33A,K*****85,MASKED-6201,8089.18,UPI,False,2.0,PAYMENT_RECORDED
B1598,P1355,UK013,2026-01-02 11:37:36.952,CONFIRMED,11B,L*****64,MASKED-4577,14019.19,NETBANKING,False,2.0,PAYMENT_RECORDED
B1599,P1138,UK013,2025-09-30 11:37:36.952,PENDING,9E,A*****18,MASKED-6733,,,,,NO_PAYMENT_RECORD
B1600,P1502,UK143,2025-07-20 11:37:36.952,PENDING,2C,W*****59,MASKED-9966,11274.54,CARD,False,2.0,PAYMENT_RECORDED
B1601,P1825,6F262,2025-09-07 11:37:36.952,PENDING,28D,B*****04,MASKED-8100,,,,,NO_PAYMENT_RECORD
B1602,P1173,6F042,2025-07-07 11:37:36.952,UNKNOWN,2A,C*****71,MASKED-9344,4028.21,NETBANKING,False,1.0,PAYMENT_RECORDED
B1603,P1028,SJ118,2025-12-06 11:37:36.952,CANCELLED,17E,E*****20,MASKED-8468,,,,,NO_PAYMENT_RECORD
B1604,P1930,SJ118,2025-11-17 11:37:36.952,CANCELLED,3C,T*****46,MASKED-9471,,,,,NO_PAYMENT_RECORD
B1605,P1495,SJ082,2025-10-03 11:37:36.952,CANCELLED,6C,R*****19,MASKED-8238,8025.265,CARD,True,1.0,PAYMENT_RECORDED
B1606,P1654,6F015,2025-07-18 11:37:36.952,CONFIRMED,23E,M*****43,MASKED-0192,8323.82,CARD,False,3.0,PAYMENT_RECORDED
B1607,P1827,AI101,2026-02-02 11:37:36.952,INVALID,30F,T*****12,MASKED-3146,2887.17,NETBANKING,False,2.0,PAYMENT_RECORDED
B1608,P1350,SJ110,2025-06-28 11:37:36.952,CANCELLED,10B,R*****56,MASKED-6165,,,,,NO_PAYMENT_RECORD
B1609,P1553,SJ042,2025-10-21 11:37:36.952,CANCELLED,19D,Y*****49,MASKED-5414,,,,,NO_PAYMENT_RECORD
B1610,P1298,6F145,2025-10-13 11:37:36.952,CONFIRMED,27A,C*****00,MASKED-3593,5809.44,NETBANKING,False,1.0,PAYMENT_RECORDED
B1611,P1719,UK029,2026-01-05 11:37:36.952,CANCELLED,14C,X*****54,MASKED-4892,11754.89,NETBANKING,False,2.0,PAYMENT_RECORDED
B1612,P1841,SJ200,2025-04-18 11:37:36.952,CANCELLED,28C,P*****15,MASKED-3103,,,,,NO_PAYMENT_RECORD
B1613,P1944,SJ209,2026-01-29 11:37:36.952,CONFIRMED,6A,M*****44,MASKED-0449,4590.83,NETBANKING,False,2.0,PAYMENT_RECORDED
B1614,P1191,AI116,2025-05-11 11:37:36.952,UNKNOWN,30B,Y*****82,MASKED-0528,6159.25,UPI,False,2.0,PAYMENT_RECORDED
B1615,P1671,6F117,2025-05-23 11:37:36.952,CANCELLED,33B,P*****48,MASKED-8111,2652.76,CARD,False,2.0,PAYMENT_RECORDED
B1616,P1063,SJ181,2025-12-23 11:37:36.952,PENDING,17A,V*****66,MASKED-1327,,,,,NO_PAYMENT_RECORD
B1617,P1754,AI070,2025-05-10 11:37:36.952,INVALID,18A,D*****43,MASKED-8704,12237.51,CARD,False,1.0,PAYMENT_RECORDED
B1618,P1769,AI070,2026-01-19 11:37:36.952,CONFIRMED,1B,A*****86,MASKED-9430,6904.57,NETBANKING,False,1.0,PAYMENT_RECORDED
B1619,P1663,UK042,2026-02-05 11:37:36.952,PENDING,13A,D*****20,MASKED-2740,14108.86,CARD,False,3.0,PAYMENT_RECORDED
B1620,P1214,AI169,2026-02-24 11:37:36.952,PENDING,1B,X*****40,MASKED-9727,10875.33,UPI,False,4.0,PAYMENT_RECORDED
B1621,P1833,6F021,2025-12-21 11:37:36.952,PENDING,27A,D*****78,MASKED-3445,8280.27,UPI,False,2.0,PAYMENT_RECORDED
B1622,P1165,SJ046,2025-06-23 11:37:36.952,PENDING,19F,N*****41,MASKED-2713,12642.38,UPI,False,3.0,PAYMENT_RECORDED
B1623,P1542,AI211,2025-08-17 11:37:36.952,CANCELLED,22B,V*****37,MASKED-0353,12916.9,UPI,False,4.0,PAYMENT_RECORDED
B1624,P1882,SJ091,2025-12-20 11:37:36.952,CANCELLED,34F,F*****87,MASKED-5944,,,,,NO_PAYMENT_RECORD
B1625,P1231,AI123,2026-04-05 11:37:36.952,PENDING,7D,E*****16,MASKED-8999,,,,,NO_PAYMENT_RECORD
B1626,P1793,6F053,2025-04-17 11:37:36.952,CANCELLED,25C,V*****39,MASKED-3732,7859.04,NETBANKING,False,1.0,PAYMENT_RECORDED
B1627,P1540,UK012,2026-01-09 11:37:36.952,PENDING,27E,D*****07,MASKED-8394,12801.31,CARD,False,2.0,PAYMENT_RECORDED
B1628,P1194,6F023,2025-11-25 11:37:36.952,PENDING,33A,F*****57,MASKED-1638,1971.53,CARD,False,1.0,PAYMENT_RECORDED
B1629,P1505,AI250,2026-01-02 11:37:36.952,CONFIRMED,11A,Z*****62,MASKED-5072,,,,,NO_PAYMENT_RECORD
B1630,P1333,AI238,2026-04-07 11:37:36.952,PENDING,26F,B*****74,MASKED-2269,11475.88,NETBANKING,False,1.0,PAYMENT_RECORDED
B1631,P1767,UK096,2026-02-17 11:37:36.952,CANCELLED,24F,N*****13,MASKED-8353,9604.98,UPI,False,2.0,PAYMENT_RECORDED
B1632,P1792,UK126,2026-03-30 11:37:36.952,PENDING,1D,L*****61,MASKED-0781,11397.25,NETBANKING,False,1.0,PAYMENT_RECORDED
B1633,P1303,SJ195,2025-08-30 11:37:36.952,CONFIRMED,8E,G*****43,MASKED-1769,,,,,NO_PAYMENT_RECORD
B1634,P1832,SJ171,2025-12-25 11:37:36.952,CANCELLED,1C,E*****30,MASKED-5198,,,,,NO_PAYMENT_RECORD
B1635,P1436,AI136,2025-08-14 11:37:36.952,INVALID,7C,P*****02,MASKED-1859,,,,,NO_PAYMENT_RECORD
B1636,P1322,SJ192,2025-05-27 11:37:36.952,CONFIRMED,22B,T*****33,MASKED-4980,14700.1,NETBANKING,False,1.0,PAYMENT_RECORDED
B1637,P1501,6F035,2025-12-01 11:37:36.952,PENDING,27C,C*****47,MASKED-0528,7465.68,CARD,False,3.0,PAYMENT_RECORDED
B1638,P1857,UK088,2026-02-23 11:37:36.952,CONFIRMED,22C,V*****38,MASKED-4781,,,,,NO_PAYMENT_RECORD
B1639,P1913,6F009,2025-09-14 11:37:36.952,CONFIRMED,24E,W*****23,MASKED-3873,1002.59,NETBANKING,False,2.0,PAYMENT_RECORDED
B1640,P1392,6F004,2026-01-28 11:37:36.952,CANCELLED,30B,D*****09,MASKED-4451,,,,,NO_PAYMENT_RECORD
B1641,P1805,UK122,2026-03-27 11:37:36.952,UNKNOWN,28D,N*****54,MASKED-9571,14953.42,NETBANKING,False,1.0,PAYMENT_RECORDED
B1642,P1598,AI251,2026-02-15 11:37:36.952,PENDING,4E,B*****73,MASKED-6644,6919.99,NETBANKING,False,1.0,PAYMENT_RECORDED
B1643,P1148,AI027,2026-02-04 11:37:36.952,PENDING,14A,M*****70,MASKED-3774,,,,,NO_PAYMENT_RECORD
B1644,P1760,SJ165,2025-10-20 11:37:36.952,PENDING,20E,K*****41,MASKED-5792,10406.49,CARD,False,1.0,PAYMENT_RECORDED
B1645,P1832,UK081,2025-08-16 11:37:36.952,CONFIRMED,17D,R*****25,MASKED-7529,2308.55,NETBANKING,False,1.0,PAYMENT_RECORDED
B1646,P1404,UK191,2025-09-27 11:37:36.952,CANCELLED,28C,R*****76,MASKED-4076,10009.34,UPI,False,2.0,PAYMENT_RECORDED
B1647,P1282,SJ188,2025-11-06 11:37:36.952,PENDING,14F,R*****35,MASKED-0840,9457.52,CARD,False,2.0,PAYMENT_RECORDED
B1648,P1361,6F016,2025-08-09 11:37:36.952,CONFIRMED,33D,P*****86,MASKED-8368,3484.04,CARD,False,1.0,PAYMENT_RECORDED
B1649,P1378,6F064,2026-04-05 11:37:36.952,PENDING,4F,A*****32,MASKED-3414,13388.24,UPI,False,2.0,PAYMENT_RECORDED
B1650,P1197,SJ105,2026-04-03 11:37:36.952,UNKNOWN,10D,M*****89,MASKED-1933,,,,,NO_PAYMENT_RECORD
B1651,P1555,SJ054,2025-09-09 11:37:36.952,CANCELLED,21B,P*****40,MASKED-8199,6941.55,NETBANKING,False,1.0,PAYMENT_RECORDED
B1652,P1355,6F197,2025-12-19 11:37:36.952,PENDING,23C,R*****75,MASKED-0269,2104.63,NETBANKING,False,4.0,PAYMENT_RECORDED
B1653,P1539,AI040,2026-03-26 11:37:36.952,CANCELLED,31B,C*****22,MASKED-4504,10350.94,NETBANKING,False,1.0,PAYMENT_RECORDED
B1654,P1428,AI131,2025-08-14 11:37:36.952,UNKNOWN,31A,E*****22,MASKED-6787,12116.85,NETBANKING,False,1.0,PAYMENT_RECORDED
B1655,P1016,6F141,2025-10-09 11:37:36.952,PENDING,7D,C*****17,MASKED-4650,,,,,NO_PAYMENT_RECORD
B1656,P1638,UK035,2025-05-12 11:37:36.952,CONFIRMED,26E,K*****44,MASKED-9841,9174.46,NETBANKING,False,1.0,PAYMENT_RECORDED
B1657,P1378,AI005,2025-08-28 11:37:36.952,CONFIRMED,12B,M*****39,MASKED-9851,11326.44,UPI,False,1.0,PAYMENT_RECORDED
B1658,P1679,AI001,2025-06-22 11:37:36.952,CONFIRMED,18D,P*****26,MASKED-5091,,,,,NO_PAYMENT_RECORD
B1659,P1505,UK211,2026-01-17 11:37:36.952,PENDING,6D,P*****03,MASKED-1131,,,,,NO_PAYMENT_RECORD
B1660,P1755,SJ189,2026-04-04 11:37:36.952,CANCELLED,12D,B*****33,MASKED-4370,5033.75,CARD,False,2.0,PAYMENT_RECORDED
B1661,P1898,UK006,2025-04-21 11:37:36.952,PENDING,18D,J*****72,MASKED-6864,6130.91,NETBANKING,False,2.0,PAYMENT_RECORDED
B1662,P1075,6F189,2025-10-13 11:37:36.952,CONFIRMED,17A,W*****65,MASKED-8498,9168.1,NETBANKING,False,1.0,PAYMENT_RECORDED
B1663,P1230,AI133,2025-05-16 11:37:36.952,CANCELLED,15B,Y*****39,MASKED-6291,12690.33,CARD,False,6.0,PAYMENT_RECORDED
B1664,P1715,SJ216,2025-11-08 11:37:36.952,CONFIRMED,25B,F*****91,MASKED-3111,,,,,NO_PAYMENT_RECORD
B1665,P1961,SJ133,2026-03-04 11:37:36.952,CANCELLED,29D,B*****66,MASKED-0703,13434.66,UPI,False,1.0,PAYMENT_RECORDED
B1666,P1247,UK082,2026-03-05 11:37:36.952,PENDING,32C,F*****39,MASKED-0106,4184.87,CARD,False,1.0,PAYMENT_RECORDED
B1667,P1301,6F136,2026-02-16 11:37:36.952,CANCELLED,32C,R*****06,MASKED-0625,,,,,NO_PAYMENT_RECORD
B1668,P1725,6F039,2025-04-30 11:37:36.952,PENDING,3B,F*****29,MASKED-9908,,,,,NO_PAYMENT_RECORD
B1669,P1214,AI011,2025-06-16 11:37:36.952,CONFIRMED,3E,C*****44,MASKED-6069,,,,,NO_PAYMENT_RECORD
B1670,P1157,SJ225,2025-05-12 11:37:36.952,CANCELLED,16C,F*****02,MASKED-1026,,,,,NO_PAYMENT_RECORD
B1671,P1068,SJ024,2025-07-08 11:37:36.952,CONFIRMED,22C,E*****93,MASKED-8950,,,,,NO_PAYMENT_RECORD
B1672,P1392,AI109,2025-08-01 11:37:36.952,CANCELLED,14E,B*****84,MASKED-1994,6895.9,CARD,False,1.0,PAYMENT_RECORDED
B1673,P1084,AI147,2025-06-12 11:37:36.952,UNKNOWN,28B,H*****29,MASKED-2711,,,,,NO_PAYMENT_RECORD
B1674,P1266,UK057,2025-11-03 11:37:36.952,CANCELLED,18C,W*****12,MASKED-5782,,,,,NO_PAYMENT_RECORD
B1675,P1068,6F111,2025-08-01 11:37:36.952,CANCELLED,9A,X*****59,MASKED-1692,,,,,NO_PAYMENT_RECORD
B1676,P1610,AI197,2026-04-14 11:37:36.952,PENDING,24C,H*****74,MASKED-1522,11869.65,CARD,False,2.0,PAYMENT_RECORDED
B1677,P1346,UK127,2026-01-31 11:37:36.952,PENDING,29C,A*****93,MASKED-6384,14950.31,CARD,False,2.0,PAYMENT_RECORDED
B1678,P1961,6F240,2025-12-31 11:37:36.952,PENDING,24B,E*****17,MASKED-5813,3831.88,NETBANKING,False,1.0,PAYMENT_RECORDED
B1679,P1727,6F257,2025-08-17 11:37:36.952,CANCELLED,25A,P*****64,MASKED-8728,,,,,NO_PAYMENT_RECORD
B1680,P1926,AI253,2026-03-19 11:37:36.952,UNKNOWN,11F,A*****00,MASKED-3589,,,,,NO_PAYMENT_RECORD
B1681,P1672,SJ135,2026-04-02 11:37:36.952,CANCELLED,15C,E*****15,MASKED-5577,14516.19,NETBANKING,False,2.0,PAYMENT_RECORDED
B1682,P1422,UK112,2025-07-10 11:37:36.952,CANCELLED,20B,L*****91,MASKED-0562,2916.86,CARD,False,1.0,PAYMENT_RECORDED
B1683,P1605,AI050,2025-08-07 11:37:36.952,CONFIRMED,9C,R*****79,MASKED-4031,11160.79,NETBANKING,False,2.0,PAYMENT_RECORDED
B1684,P1173,UK060,2025-11-18 11:37:36.952,PENDING,8E,E*****58,MASKED-4337,,,,,NO_PAYMENT_RECORD
B1685,P1676,SJ183,2025-05-15 11:37:36.952,CANCELLED,25E,A*****67,MASKED-9394,7155.18,NETBANKING,False,2.0,PAYMENT_RECORDED
B1686,P1114,UK138,2025-11-17 11:37:36.952,CONFIRMED,23E,H*****51,MASKED-5076,1293.05,CARD,False,1.0,PAYMENT_RECORDED
B1687,P1219,SJ071,2025-10-12 11:37:36.952,PENDING,22F,L*****08,MASKED-8889,,,,,NO_PAYMENT_RECORD
B1688,P1955,AI057,2025-06-14 11:37:36.952,PENDING,9D,V*****67,MASKED-6032,10945.95,NETBANKING,False,1.0,PAYMENT_RECORDED
B1689,P1030,SJ151,2025-07-10 11:37:36.952,CANCELLED,20B,V*****25,MASKED-9943,8030.27,CARD,False,1.0,PAYMENT_RECORDED
B1690,P1522,SJ144,2025-06-28 11:37:36.952,PENDING,12C,M*****22,MASKED-5739,7675.73,UPI,False,1.0,PAYMENT_RECORDED
B1691,P1342,SJ087,2026-01-23 11:37:36.952,PENDING,12E,D*****47,MASKED-8246,10442.06,UPI,False,1.0,PAYMENT_RECORDED
B1692,P1376,SJ066,2026-04-02 11:37:36.952,CONFIRMED,18A,X*****23,MASKED-4649,,,,,NO_PAYMENT_RECORD
B1693,P1129,AI247,2026-01-02 11:37:36.952,CONFIRMED,11F,X*****66,MASKED-9241,,,,,NO_PAYMENT_RECORD
B1694,P1999,SJ102,2026-04-01 11:37:36.952,PENDING,24D,E*****09,MASKED-2013,3628.19,CARD,False,2.0,PAYMENT_RECORDED
B1695,P1616,6F252,2026-04-13 11:37:36.952,CONFIRMED,4F,C*****91,MASKED-6531,5969.93,NETBANKING,False,1.0,PAYMENT_RECORDED
B1696,P1538,6F055,2025-11-28 11:37:36.952,PENDING,11C,H*****22,MASKED-1789,,,,,NO_PAYMENT_RECORD
B1697,P1738,AI204,2025-11-12 11:37:36.952,CANCELLED,34B,C*****60,MASKED-1258,,,,,NO_PAYMENT_RECORD
B1698,P1001,AI016,2026-02-02 11:37:36.952,CONFIRMED,31D,B*****60,MASKED-9640,8023.98,NETBANKING,False,1.0,PAYMENT_RECORDED
B1699,P1870,AI209,2025-12-11 11:37:36.952,PENDING,15D,K*****95,MASKED-5089,8784.73,NETBANKING,False,4.0,PAYMENT_RECORDED
B1700,P1100,SJ211,2026-01-04 11:37:36.952,PENDING,14B,J*****31,MASKED-1891,6028.27,CARD,False,1.0,PAYMENT_RECORDED
B1701,P1532,6F103,2025-10-16 11:37:36.952,CONFIRMED,13F,A*****42,MASKED-1575,,,,,NO_PAYMENT_RECORD
B1702,P1057,UK182,2025-04-22 11:37:36.952,CONFIRMED,31F,M*****27,MASKED-2340,8158.17,NETBANKING,True,2.0,PAYMENT_RECORDED
B1703,P1388,6F264,2025-12-25 11:37:36.952,CANCELLED,19B,M*****49,MASKED-8483,6181.25,NETBANKING,False,2.0,PAYMENT_RECORDED
B1704,P1691,6F027,2025-07-23 11:37:36.952,PENDING,29A,J*****18,MASKED-3747,13993.49,NETBANKING,False,1.0,PAYMENT_RECORDED
B1705,P1940,UK198,2026-01-31 11:37:36.952,CANCELLED,3B,T*****42,MASKED-4029,6139.86,UPI,False,4.0,PAYMENT_RECORDED
B1706,P1340,6F171,2025-09-07 11:37:36.952,CANCELLED,15C,H*****72,MASKED-1687,,,,,NO_PAYMENT_RECORD
B1707,P1860,AI004,2025-07-05 11:37:36.952,CANCELLED,1B,L*****79,MASKED-9365,,,,,NO_PAYMENT_RECORD
B1708,P1019,6F157,2025-11-22 11:37:36.952,CONFIRMED,3C,W*****89,MASKED-0743,,,,,NO_PAYMENT_RECORD
B1709,P1254,AI018,2025-10-03 11:37:36.952,CANCELLED,22B,G*****09,MASKED-0661,,,,,NO_PAYMENT_RECORD
B1710,P1316,UK098,2025-08-05 11:37:36.952,CONFIRMED,21E,L*****43,MASKED-0381,12059.65,CARD,False,1.0,PAYMENT_RECORDED
B1711,P1037,6F167,2026-01-29 11:37:36.952,UNKNOWN,4C,B*****46,MASKED-4431,,,,,NO_PAYMENT_RECORD
B1712,P1659,AI228,2025-09-06 11:37:36.952,CANCELLED,17C,Z*****88,MASKED-9130,,,,,NO_PAYMENT_RECORD
B1713,P1536,SJ242,2025-08-31 11:37:36.952,CANCELLED,17D,B*****56,MASKED-1328,,,,,NO_PAYMENT_RECORD
B1714,P1385,6F227,2025-12-11 11:37:36.952,PENDING,34C,N*****41,MASKED-1002,5064.12,NETBANKING,False,1.0,PAYMENT_RECORDED
B1715,P1632,6F037,2025-08-27 11:37:36.952,CANCELLED,20C,E*****08,MASKED-9547,,,,,NO_PAYMENT_RECORD
B1716,P1927,6F107,2025-12-22 11:37:36.952,PENDING,28A,R*****56,MASKED-6925,,,,,NO_PAYMENT_RECORD
B1717,P1025,SJ125,2025-11-06 11:37:36.952,CANCELLED,14A,H*****83,MASKED-7746,1187.92,UPI,False,2.0,PAYMENT_RECORDED
B1718,P1453,UK117,2025-06-17 11:37:36.952,CANCELLED,9B,Z*****18,MASKED-7696,10479.42,UPI,False,2.0,PAYMENT_RECORDED
B1719,P1680,6F192,2025-11-12 11:37:36.952,CANCELLED,29E,P*****08,MASKED-5025,5781.1,UPI,False,1.0,PAYMENT_RECORDED
B1720,P1322,AI201,2025-11-27 11:37:36.952,CANCELLED,27B,G*****73,MASKED-2378,5194.3,NETBANKING,False,1.0,PAYMENT_RECORDED
B1721,P1736,SJ126,2026-03-25 11:37:36.952,PENDING,21A,F*****05,MASKED-8415,,,,,NO_PAYMENT_RECORD
B1722,P1512,AI177,2026-02-10 11:37:36.952,PENDING,5E,E*****86,MASKED-4457,8025.265,CARD,True,1.0,PAYMENT_RECORDED
B1723,P1818,AI092,2025-12-23 11:37:36.952,CANCELLED,26B,R*****01,MASKED-1969,,,,,NO_PAYMENT_RECORD
B1724,P1772,6F076,2025-10-10 11:37:36.952,CANCELLED,11D,G*****19,MASKED-4296,10484.53,UPI,False,1.0,PAYMENT_RECORDED
B1725,P1012,AI185,2025-04-29 11:37:36.952,PENDING,1E,E*****17,MASKED-0747,8158.17,NETBANKING,True,1.0,PAYMENT_RECORDED
B1726,P1914,AI055,2025-05-14 11:37:36.952,CONFIRMED,2B,K*****42,MASKED-0806,7008.67,UPI,False,2.0,PAYMENT_RECORDED
B1727,P1907,6F222,2026-03-15 11:37:36.952,CONFIRMED,27D,H*****45,MASKED-1375,,,,,NO_PAYMENT_RECORD
B1728,P1559,AI090,2025-12-12 11:37:36.952,CONFIRMED,1C,Y*****73,MASKED-8503,7592.89,CARD,False,1.0,PAYMENT_RECORDED
B1729,P1920,AI183,2025-06-03 11:37:36.952,PENDING,4F,V*****43,MASKED-5835,2726.28,NETBANKING,False,1.0,PAYMENT_RECORDED
B1730,P1824,AI041,2025-04-29 11:37:36.952,PENDING,25F,C*****80,MASKED-3732,8158.17,NETBANKING,True,1.0,PAYMENT_RECORDED
B1731,P1370,6F210,2025-07-12 11:37:36.952,CONFIRMED,25F,J*****01,MASKED-6891,1355.89,CARD,False,1.0,PAYMENT_RECORDED
B1732,P1290,AI170,2026-01-15 11:37:36.952,CONFIRMED,3A,X*****37,MASKED-0707,7405.96,NETBANKING,False,1.0,PAYMENT_RECORDED
B1733,P1331,SJ008,2026-04-16 11:37:36.952,CANCELLED,2E,Y*****03,MASKED-8779,10832.74,CARD,False,1.0,PAYMENT_RECORDED
B1734,P1605,AI049,2025-09-29 11:37:36.952,PENDING,27E,Z*****82,MASKED-8705,2972.66,CARD,False,1.0,PAYMENT_RECORDED
B1735,P1260,SJ132,2025-05-12 11:37:36.952,PENDING,34E,K*****72,MASKED-7116,10012.48,NETBANKING,False,1.0,PAYMENT_RECORDED
B1736,P1993,SJ224,2026-01-26 11:37:36.952,CONFIRMED,28E,F*****80,MASKED-9849,1787.85,CARD,False,2.0,PAYMENT_RECORDED
B1737,P1789,UK038,2025-06-11 11:37:36.952,CONFIRMED,1E,Y*****62,MASKED-5244,12049.41,CARD,False,1.0,PAYMENT_RECORDED
B1738,P1870,SJ220,2025-08-14 11:37:36.952,PENDING,27B,E*****02,MASKED-3803,10340.66,NETBANKING,False,3.0,PAYMENT_RECORDED
B1739,P1204,6F124,2025-06-29 11:37:36.952,CANCELLED,34F,J*****45,MASKED-2522,8263.32,UPI,False,1.0,PAYMENT_RECORDED
B1740,P1696,SJ164,2025-11-16 11:37:36.952,CONFIRMED,14D,C*****25,MASKED-7652,,,,,NO_PAYMENT_RECORD
B1741,P1686,AI026,2025-05-18 11:37:36.952,PENDING,18E,C*****02,MASKED-9579,4483.43,UPI,False,1.0,PAYMENT_RECORDED
B1742,P1949,6F144,2025-09-14 11:37:36.952,PENDING,16D,B*****24,MASKED-2145,,,,,NO_PAYMENT_RECORD
B1743,P1386,6F137,2025-11-21 11:37:36.952,INVALID,6F,K*****48,MASKED-2137,4062.36,NETBANKING,False,1.0,PAYMENT_RECORDED
B1744,P1891,UK139,2025-09-05 11:37:36.952,CANCELLED,10A,M*****88,MASKED-1410,9225.17,CARD,False,1.0,PAYMENT_RECORDED
B1745,P1820,UK139,2025-05-20 11:37:36.952,CONFIRMED,27B,X*****46,MASKED-1103,10889.16,NETBANKING,False,1.0,PAYMENT_RECORDED
B1746,P1467,SJ140,2025-08-31 11:37:36.952,CONFIRMED,34D,H*****99,MASKED-8793,,,,,NO_PAYMENT_RECORD
B1747,P1414,6F131,2025-04-20 11:37:36.952,CONFIRMED,9F,C*****72,MASKED-2405,,,,,NO_PAYMENT_RECORD
B1748,P1068,UK128,2025-11-15 11:37:36.952,PENDING,9A,F*****69,MASKED-9749,13170.94,UPI,False,1.0,PAYMENT_RECORDED
B1749,P1471,SJ219,2026-02-19 11:37:36.952,CONFIRMED,23D,N*****23,MASKED-6991,,,,,NO_PAYMENT_RECORD
B1750,P1103,SJ159,2025-09-21 11:37:36.952,PENDING,33D,Y*****76,MASKED-2935,,,,,NO_PAYMENT_RECORD
B1751,P1757,UK192,2025-09-19 11:37:36.952,CONFIRMED,17E,Y*****13,MASKED-8441,14391.99,UPI,False,1.0,PAYMENT_RECORDED
B1752,P1160,AI014,2025-08-13 11:37:36.952,CANCELLED,34F,V*****39,MASKED-6711,,,,,NO_PAYMENT_RECORD
B1753,P1199,SJ152,2025-08-08 11:37:36.952,CANCELLED,5C,Y*****00,MASKED-3127,4016.57,UPI,False,1.0,PAYMENT_RECORDED
B1754,P1215,SJ060,2026-02-11 11:37:36.952,PENDING,3C,Z*****43,MASKED-2758,12013.34,UPI,False,1.0,PAYMENT_RECORDED
B1755,P1945,AI127,2026-02-17 11:37:36.952,CANCELLED,10F,K*****75,MASKED-8329,4760.39,CARD,False,1.0,PAYMENT_RECORDED
B1756,P1211,SJ096,2026-01-27 11:37:36.952,PENDING,11F,B*****64,MASKED-1838,8158.17,NETBANKING,True,1.0,PAYMENT_RECORDED
B1757,P1507,AI215,2025-04-24 11:37:36.952,PENDING,22B,A*****23,MASKED-7329,1608.39,CARD,False,1.0,PAYMENT_RECORDED
B1758,P1015,UK009,2026-02-28 11:37:36.952,CANCELLED,26B,T*****48,MASKED-6016,8260.94,NETBANKING,False,1.0,PAYMENT_RECORDED
B1759,P1497,AI171,2025-10-26 11:37:36.952,PENDING,16F,M*****75,MASKED-8264,8269.17,UPI,False,2.0,PAYMENT_RECORDED
B1760,P1883,UK151,2026-01-14 11:37:36.952,CANCELLED,31B,Y*****95,MASKED-3665,12133.03,NETBANKING,False,1.0,PAYMENT_RECORDED
B1761,P1331,AI099,2025-05-22 11:37:36.952,CONFIRMED,15A,K*****25,MASKED-7364,4405.82,NETBANKING,False,4.0,PAYMENT_RECORDED
B1762,P1716,UK050,2025-06-04 11:37:36.952,CONFIRMED,32B,Y*****77,MASKED-7986,10910.07,NETBANKING,False,2.0,PAYMENT_RECORDED
B1763,P1876,UK092,2025-10-06 11:37:36.952,CANCELLED,3B,T*****92,MASKED-6964,8025.265,CARD,True,1.0,PAYMENT_RECORDED
B1764,P1550,SJ058,2025-06-20 11:37:36.952,CANCELLED,13B,Y*****87,MASKED-7667,10528.45,NETBANKING,False,1.0,PAYMENT_RECORDED
B1765,P1600,SJ090,2025-12-21 11:37:36.952,CANCELLED,1C,G*****74,MASKED-3223,13900.07,NETBANKING,False,2.0,PAYMENT_RECORDED
B1766,P1941,6F173,2025-09-07 11:37:36.952,CANCELLED,1F,A*****51,MASKED-3967,,,,,NO_PAYMENT_RECORD
B1767,P1255,AI186,2025-11-19 11:37:36.952,CONFIRMED,6D,L*****85,MASKED-8557,4465.09,UPI,False,2.0,PAYMENT_RECORDED
B1768,P1991,AI130,2026-03-23 11:37:36.952,PENDING,13C,F*****56,MASKED-3715,2835.7,NETBANKING,False,1.0,PAYMENT_RECORDED
B1769,P1765,SJ111,2025-11-23 11:37:36.952,INVALID,6F,C*****58,MASKED-9187,1296.41,UPI,False,2.0,PAYMENT_RECORDED
B1770,P1727,6F203,2025-08-04 11:37:36.952,CONFIRMED,8D,R*****39,MASKED-4847,,,,,NO_PAYMENT_RECORD
B1771,P1879,6F138,2025-05-24 11:37:36.952,PENDING,1F,T*****93,MASKED-1929,6761.89,NETBANKING,False,1.0,PAYMENT_RECORDED
B1772,P1814,6F109,2025-08-29 11:37:36.952,UNKNOWN,10B,K*****98,MASKED-0379,,,,,NO_PAYMENT_RECORD
B1773,P1171,AI074,2026-01-01 11:37:36.952,PENDING,16E,W*****20,MASKED-2633,11699.42,NETBANKING,False,1.0,PAYMENT_RECORDED
B1774,P1648,UK161,2026-01-07 11:37:36.952,CANCELLED,1B,W*****88,MASKED-8399,,,,,NO_PAYMENT_RECORD
B1775,P1999,AI008,2025-06-19 11:37:36.952,CANCELLED,14B,F*****69,MASKED-5751,13185.54,UPI,False,1.0,PAYMENT_RECORDED
B1776,P1497,UK121,2025-12-27 11:37:36.952,CANCELLED,17A,P*****74,MASKED-4805,8306.25,UPI,False,2.0,PAYMENT_RECORDED
B1777,P1470,6F154,2025-04-26 11:37:36.952,CONFIRMED,11A,P*****70,MASKED-2332,9927.3,UPI,False,1.0,PAYMENT_RECORDED
B1778,P1383,6F161,2025-08-01 11:37:36.952,CONFIRMED,10D,Y*****13,MASKED-3333,,,,,NO_PAYMENT_RECORD
B1779,P1689,6F153,2026-02-01 11:37:36.952,PENDING,22B,D*****80,MASKED-8308,8876.97,UPI,False,1.0,PAYMENT_RECORDED
B1780,P1588,6F225,2026-02-10 11:37:36.952,PENDING,11B,F*****47,MASKED-0421,,,,,NO_PAYMENT_RECORD
B1781,P1699,AI191,2026-02-09 11:37:36.952,PENDING,18C,H*****45,MASKED-6256,,,,,NO_PAYMENT_RECORD
B1782,P1506,AI218,2025-08-18 11:37:36.952,CONFIRMED,25F,B*****14,MASKED-4515,4755.95,NETBANKING,False,1.0,PAYMENT_RECORDED
B1783,P1991,6F267,2025-09-28 11:37:36.952,PENDING,25D,Y*****67,MASKED-0935,8201.65,NETBANKING,False,1.0,PAYMENT_RECORDED
B1784,P1526,UK125,2025-08-20 11:37:36.952,CANCELLED,1B,F*****53,MASKED-5181,1577.5,UPI,False,1.0,PAYMENT_RECORDED
B1785,P1803,6F208,2025-08-19 11:37:36.952,PENDING,1B,W*****87,MASKED-6443,2489.15,UPI,False,1.0,PAYMENT_RECORDED
B1786,P1830,6F119,2026-02-12 11:37:36.952,CANCELLED,26B,N*****06,MASKED-4345,14801.3,CARD,False,1.0,PAYMENT_RECORDED
B1787,P1324,AI063,2025-07-11 11:37:36.952,CONFIRMED,1E,A*****64,MASKED-6387,2509.98,CARD,False,3.0,PAYMENT_RECORDED
B1788,P1213,UK016,2025-06-05 11:37:36.952,CANCELLED,2B,G*****03,MASKED-9612,,,,,NO_PAYMENT_RECORD
B1789,P1207,6F048,2026-01-13 11:37:36.952,CANCELLED,30F,A*****75,MASKED-9133,11758.27,NETBANKING,False,1.0,PAYMENT_RECORDED
B1790,P1168,6F266,2025-04-23 11:37:36.952,CANCELLED,28A,D*****98,MASKED-5551,3271.3,CARD,False,2.0,PAYMENT_RECORDED
B1791,P1329,AI167,2026-02-24 11:37:36.952,CONFIRMED,3C,M*****92,MASKED-4040,,,,,NO_PAYMENT_RECORD
B1792,P1279,6F165,2026-01-17 11:37:36.952,CONFIRMED,8E,W*****81,MASKED-4900,,,,,NO_PAYMENT_RECORD
B1793,P1977,SJ104,2025-11-25 11:37:36.952,CONFIRMED,14C,W*****58,MASKED-6899,12515.25,NETBANKING,False,1.0,PAYMENT_RECORDED
B1794,P1304,UK160,2025-06-26 11:37:36.952,CONFIRMED,8D,L*****52,MASKED-2055,,,,,NO_PAYMENT_RECORD
B1795,P1145,UK160,2026-03-21 11:37:36.952,PENDING,9C,L*****16,MASKED-1256,11714.65,CARD,False,1.0,PAYMENT_RECORDED
B1796,P1774,SJ230,2025-11-28 11:37:36.952,CONFIRMED,9B,R*****60,MASKED-4004,,,,,NO_PAYMENT_RECORD
B1797,P1515,AI042,2025-06-03 11:37:36.952,CANCELLED,1A,C*****53,MASKED-9536,,,,,NO_PAYMENT_RECORD
B1798,P1089,UK197,2025-05-16 11:37:36.952,CONFIRMED,23E,Z*****60,MASKED-7952,14793.78,UPI,False,2.0,PAYMENT_RECORDED
B1799,P1452,AI107,2026-02-05 11:37:36.952,PENDING,16E,B*****13,MASKED-3044,,,,,NO_PAYMENT_RECORD
B1800,P1059,SJ128,2025-08-22 11:37:36.952,PENDING,7F,R*****53,MASKED-2677,4478.56,NETBANKING,False,1.0,PAYMENT_RECORDED
B1801,P1310,6F121,2026-04-14 11:37:36.952,PENDING,34F,R*****91,MASKED-4800,,,,,NO_PAYMENT_RECORD
B1802,P1527,AI111,2025-06-30 11:37:36.952,INVALID,16B,K*****61,MASKED-6611,2072.55,UPI,False,1.0,PAYMENT_RECORDED
B1803,P1226,SJ137,2026-02-21 11:37:36.952,CONFIRMED,24F,Y*****80,MASKED-2358,5663.2,UPI,False,1.0,PAYMENT_RECORDED
B1804,P1473,AI232,2025-11-12 11:37:36.952,CONFIRMED,1F,F*****43,MASKED-7409,9496.04,UPI,False,1.0,PAYMENT_RECORDED
B1805,P1977,SJ113,2025-10-26 11:37:36.952,CONFIRMED,14B,F*****73,MASKED-0072,8025.265,CARD,True,1.0,PAYMENT_RECORDED
B1806,P1540,AI117,2025-08-02 11:37:36.952,CANCELLED,17A,Y*****64,MASKED-5917,14488.78,NETBANKING,False,1.0,PAYMENT_RECORDED
B1807,P1662,6F185,2025-06-28 11:37:36.952,CANCELLED,12C,E*****69,MASKED-0544,1759.8,UPI,False,1.0,PAYMENT_RECORDED
B1808,P1756,AI194,2026-01-26 11:37:36.952,PENDING,3B,T*****52,MASKED-8184,,,,,NO_PAYMENT_RECORD
B1809,P1781,UK045,2026-04-09 11:37:36.952,PENDING,13B,F*****16,MASKED-6068,2114.98,CARD,False,1.0,PAYMENT_RECORDED
B1810,P1078,6F228,2026-03-20 11:37:36.952,CONFIRMED,34B,J*****19,MASKED-6421,,,,,NO_PAYMENT_RECORD
B1811,P1432,SJ190,2026-04-04 11:37:36.952,CANCELLED,25A,T*****52,MASKED-0858,9625.29,NETBANKING,False,1.0,PAYMENT_RECORDED
B1812,P1800,AI156,2026-01-06 11:37:36.952,CANCELLED,8A,P*****83,MASKED-5943,1736.99,UPI,False,1.0,PAYMENT_RECORDED
B1813,P1152,AI104,2025-04-21 11:37:36.952,INVALID,9D,N*****62,MASKED-9254,,,,,NO_PAYMENT_RECORD
B1814,P1788,UK033,2025-06-22 11:37:36.952,CONFIRMED,26C,R*****06,MASKED-2354,1286.68,UPI,False,2.0,PAYMENT_RECORDED
B1815,P1400,UK137,2025-05-01 11:37:36.952,PENDING,3C,R*****36,MASKED-2431,1450.31,UPI,False,2.0,PAYMENT_RECORDED
B1816,P1278,UK214,2025-06-21 11:37:36.952,PENDING,20F,Y*****07,MASKED-0724,4762.94,UPI,False,2.0,PAYMENT_RECORDED
B1817,P1056,6F033,2025-06-07 11:37:36.952,PENDING,28D,T*****82,MASKED-5836,7766.36,CARD,False,2.0,PAYMENT_RECORDED
B1818,P1976,AI114,2025-11-07 11:37:36.952,CONFIRMED,26B,M*****03,MASKED-6645,4317.72,NETBANKING,False,1.0,PAYMENT_RECORDED
B1819,P1185,AI017,2026-01-19 11:37:36.952,CONFIRMED,21E,N*****74,MASKED-3150,,,,,NO_PAYMENT_RECORD
B1820,P1397,6F244,2025-12-01 11:37:36.952,PENDING,18E,X*****97,MASKED-9804,14865.24,UPI,False,2.0,PAYMENT_RECORDED
B1821,P1604,6F160,2025-11-27 11:37:36.952,PENDING,1C,Y*****55,MASKED-1814,8025.265,CARD,True,3.0,PAYMENT_RECORDED
B1822,P1787,6F088,2026-01-05 11:37:36.952,CANCELLED,17D,P*****39,MASKED-4944,7545.61,NETBANKING,False,1.0,PAYMENT_RECORDED
B1823,P1157,6F155,2025-11-26 11:37:36.952,CANCELLED,19E,D*****15,MASKED-9978,7854.23,UPI,False,1.0,PAYMENT_RECORDED
B1824,P1786,AI095,2026-04-15 11:37:36.952,PENDING,9B,J*****62,MASKED-9591,10599.9,CARD,False,1.0,PAYMENT_RECORDED
B1825,P1692,6F139,2025-05-17 11:37:36.952,PENDING,5E,K*****87,MASKED-3447,5950.28,CARD,False,1.0,PAYMENT_RECORDED
B1826,P1358,6F101,2025-07-11 11:37:36.952,CANCELLED,19A,G*****58,MASKED-1324,5128.12,CARD,False,1.0,PAYMENT_RECORDED
B1827,P1439,AI054,2025-06-23 11:37:36.952,PENDING,20D,B*****56,MASKED-8662,13802.23,NETBANKING,False,2.0,PAYMENT_RECORDED
B1828,P1588,SJ094,2025-05-18 11:37:36.952,CANCELLED,25B,A*****49,MASKED-0685,9418.44,UPI,False,1.0,PAYMENT_RECORDED
B1829,P1465,6F217,2026-01-15 11:37:36.952,CANCELLED,4E,Y*****08,MASKED-4517,4847.06,CARD,False,1.0,PAYMENT_RECORDED
B1830,P1662,6F100,2026-04-15 11:37:36.952,CANCELLED,23C,C*****65,MASKED-1529,12651.33,CARD,False,1.0,PAYMENT_RECORDED
B1831,P1445,6F081,2026-02-05 11:37:36.952,CONFIRMED,21C,V*****65,MASKED-6991,13574.02,CARD,False,2.0,PAYMENT_RECORDED
B1832,P1749,SJ156,2025-06-17 11:37:36.952,CONFIRMED,4D,D*****00,MASKED-2142,11197.41,NETBANKING,False,1.0,PAYMENT_RECORDED
B1833,P1800,6F060,2025-06-07 11:37:36.952,PENDING,27D,V*****51,MASKED-4267,5872.19,UPI,False,1.0,PAYMENT_RECORDED
B1834,P1742,UK129,2025-08-14 11:37:36.952,CANCELLED,33E,L*****41,MASKED-1511,7570.53,NETBANKING,False,1.0,PAYMENT_RECORDED
B1835,P1487,UK032,2026-02-07 11:37:36.952,CONFIRMED,2E,A*****86,MASKED-2240,,,,,NO_PAYMENT_RECORD
B1836,P1529,AI166,2025-09-23 11:37:36.952,PENDING,13A,L*****36,MASKED-3090,,,,,NO_PAYMENT_RECORD
B1837,P1072,SJ056,2025-10-31 11:37:36.952,PENDING,22F,J*****20,MASKED-9029,10803.01,NETBANKING,False,3.0,PAYMENT_RECORDED
B1838,P1928,SJ101,2025-06-12 11:37:36.952,PENDING,18F,Y*****13,MASKED-8297,,,,,NO_PAYMENT_RECORD
B1839,P1927,SJ065,2025-05-09 11:37:36.952,PENDING,9C,P*****97,MASKED-8494,4984.54,CARD,False,2.0,PAYMENT_RECORDED
B1840,P1700,SJ100,2025-04-19 11:37:36.952,PENDING,34A,W*****94,MASKED-6349,7085.2,CARD,False,1.0,PAYMENT_RECORDED
B1841,P1949,UK011,2025-10-24 11:37:36.952,CANCELLED,1E,B*****48,MASKED-8358,,,,,NO_PAYMENT_RECORD
B1842,P1016,6F062,2026-02-17 11:37:36.952,PENDING,3B,Z*****98,MASKED-0123,7815.3,NETBANKING,False,2.0,PAYMENT_RECORDED
B1843,P1530,SJ176,2025-08-15 11:37:36.952,CANCELLED,23E,F*****31,MASKED-4938,1488.32,UPI,False,2.0,PAYMENT_RECORDED
B1844,P1730,6F120,2025-11-26 11:37:36.952,CONFIRMED,3B,V*****42,MASKED-6465,7078.61,NETBANKING,False,2.0,PAYMENT_RECORDED
B1845,P1325,AI121,2026-03-05 11:37:36.952,PENDING,24A,R*****75,MASKED-1803,3147.85,UPI,False,1.0,PAYMENT_RECORDED
B1846,P1994,UK072,2025-08-30 11:37:36.952,CONFIRMED,34F,V*****08,MASKED-8958,8100.01,UPI,False,1.0,PAYMENT_RECORDED
B1847,P1631,AI006,2026-04-06 11:37:36.952,CANCELLED,11B,L*****96,MASKED-7140,10999.02,UPI,False,1.0,PAYMENT_RECORDED
B1848,P1612,SJ231,2025-05-19 11:37:36.952,CANCELLED,30D,P*****42,MASKED-7655,4902.58,UPI,False,2.0,PAYMENT_RECORDED
B1849,P1545,SJ129,2025-06-24 11:37:36.952,INVALID,12E,V*****66,MASKED-6604,,,,,NO_PAYMENT_RECORD
B1850,P1595,6F110,2025-04-21 11:37:36.952,PENDING,33B,Z*****78,MASKED-9822,14670.86,NETBANKING,False,2.0,PAYMENT_RECORDED
B1851,P1920,6F231,2025-11-26 11:37:36.952,PENDING,2D,E*****69,MASKED-7673,,,,,NO_PAYMENT_RECORD
B1852,P1707,6F095,2025-08-09 11:37:36.952,CONFIRMED,33E,E*****79,MASKED-6582,2491.83,CARD,False,1.0,PAYMENT_RECORDED
B1853,P1841,UK054,2025-05-05 11:37:36.952,CONFIRMED,18F,F*****65,MASKED-0990,8948.88,NETBANKING,False,1.0,PAYMENT_RECORDED
B1854,P1201,SJ123,2025-08-10 11:37:36.952,CONFIRMED,29D,W*****41,MASKED-2192,2278.95,UPI,False,4.0,PAYMENT_RECORDED
B1855,P1343,6F006,2026-01-04 11:37:36.952,PENDING,3D,L*****89,MASKED-4333,9744.36,UPI,False,2.0,PAYMENT_RECORDED
B1856,P1852,UK226,2025-05-04 11:37:36.952,PENDING,4E,V*****79,MASKED-8415,14055.6,NETBANKING,False,2.0,PAYMENT_RECORDED
B1857,P1522,AI065,2026-03-07 11:37:36.952,PENDING,17E,V*****38,MASKED-4646,13134.7,CARD,False,2.0,PAYMENT_RECORDED
B1858,P1858,6F008,2025-11-25 11:37:36.952,UNKNOWN,10B,G*****61,MASKED-6025,,,,,NO_PAYMENT_RECORD
B1859,P1399,AI195,2025-11-11 11:37:36.952,PENDING,7B,D*****18,MASKED-3071,,,,,NO_PAYMENT_RECORD
B1860,P1217,UK043,2025-08-01 11:37:36.952,UNKNOWN,3A,D*****66,MASKED-0640,6999.9,NETBANKING,False,2.0,PAYMENT_RECORDED
B1861,P1444,AI125,2025-10-15 11:37:36.952,CONFIRMED,25E,X*****82,MASKED-4769,9044.04,UPI,False,1.0,PAYMENT_RECORDED
B1862,P1764,AI089,2025-10-05 11:37:36.952,PENDING,21A,J*****03,MASKED-4480,,,,,NO_PAYMENT_RECORD
B1863,P1221,UK019,2026-02-12 11:37:36.952,CONFIRMED,22C,L*****33,MASKED-8235,13070.93,CARD,False,2.0,PAYMENT_RECORDED
B1864,P1382,UK078,2025-09-27 11:37:36.952,CANCELLED,22C,T*****15,MASKED-9220,10081.04,UPI,False,1.0,PAYMENT_RECORDED
B1865,P1880,SJ009,2025-07-28 11:37:36.952,CANCELLED,15E,L*****87,MASKED-2016,11740.51,NETBANKING,False,1.0,PAYMENT_RECORDED
B1866,P1591,UK178,2026-01-28 11:37:36.952,CONFIRMED,7A,J*****83,MASKED-2871,4987.99,NETBANKING,False,1.0,PAYMENT_RECORDED
B1867,P1006,UK018,2025-11-23 11:37:36.952,CONFIRMED,13D,K*****50,MASKED-4928,8158.17,NETBANKING,False,1.0,PAYMENT_RECORDED
B1868,P1271,SJ059,2026-04-10 11:37:36.952,CANCELLED,29E,L*****97,MASKED-9805,,,,,NO_PAYMENT_RECORD
B1869,P1738,UK108,2026-02-04 11:37:36.952,CONFIRMED,19C,B*****68,MASKED-0712,11398.23,NETBANKING,False,2.0,PAYMENT_RECORDED
B1870,P1015,6F045,2025-04-25 11:37:36.952,CANCELLED,5D,X*****40,MASKED-6506,,,,,NO_PAYMENT_RECORD
B1871,P1423,AI144,2025-10-04 11:37:36.952,CANCELLED,23E,Y*****31,MASKED-4791,,,,,NO_PAYMENT_RECORD
B1872,P1523,AI244,2025-07-09 11:37:36.952,PENDING,26E,R*****18,MASKED-6502,8158.17,NETBANKING,True,3.0,PAYMENT_RECORDED
B1873,P1802,6F265,2025-04-25 11:37:36.952,CONFIRMED,11B,B*****54,MASKED-8875,13283.24,CARD,False,3.0,PAYMENT_RECORDED
B1874,P1752,6F108,2026-01-26 11:37:36.952,CONFIRMED,16E,K*****54,MASKED-6358,8735.05,NETBANKING,False,3.0,PAYMENT_RECORDED
B1875,P1020,6F069,2025-06-17 11:37:36.952,PENDING,17D,N*****67,MASKED-7200,8158.17,NETBANKING,True,1.0,PAYMENT_RECORDED
B1876,P1689,6F072,2025-06-14 11:37:36.952,CANCELLED,18F,D*****17,MASKED-2552,11290.32,NETBANKING,False,1.0,PAYMENT_RECORDED
B1877,P1938,6F096,2025-11-09 11:37:36.952,CONFIRMED,33F,C*****21,MASKED-7284,,,,,NO_PAYMENT_RECORD
B1878,P1227,SJ233,2025-12-31 11:37:36.952,PENDING,31D,X*****44,MASKED-8597,14778.71,CARD,False,1.0,PAYMENT_RECORDED
B1879,P1784,AI203,2025-12-03 11:37:36.952,PENDING,9E,X*****40,MASKED-1228,4682.98,UPI,False,1.0,PAYMENT_RECORDED
B1880,P1287,UK147,2026-03-08 11:37:36.952,CONFIRMED,2E,N*****65,MASKED-1556,11737.0,UPI,False,1.0,PAYMENT_RECORDED
B1881,P1808,UK039,2025-08-26 11:37:36.952,PENDING,8E,F*****77,MASKED-6710,,,,,NO_PAYMENT_RECORD
B1882,P1133,6F216,2025-10-17 11:37:36.952,CANCELLED,18B,P*****63,MASKED-0189,,,,,NO_PAYMENT_RECORD
B1883,P1983,AI214,2025-11-17 11:37:36.952,PENDING,5B,E*****80,MASKED-7289,3193.06,CARD,False,2.0,PAYMENT_RECORDED
B1884,P1282,UK025,2025-08-31 11:37:36.952,CANCELLED,31D,W*****01,MASKED-0744,,,,,NO_PAYMENT_RECORD
B1885,P1403,UK053,2025-08-10 11:37:36.952,CANCELLED,11B,E*****40,MASKED-1436,9992.33,NETBANKING,False,1.0,PAYMENT_RECORDED
B1886,P1664,6F130,2026-02-12 11:37:36.952,INVALID,9D,M*****64,MASKED-8489,,,,,NO_PAYMENT_RECORD
B1887,P1065,6F247,2026-03-09 11:37:36.952,PENDING,23F,W*****31,MASKED-5663,9312.51,UPI,False,1.0,PAYMENT_RECORDED
B1888,P1648,6F159,2025-12-25 11:37:36.952,CANCELLED,25C,Z*****77,MASKED-2120,5981.84,CARD,False,2.0,PAYMENT_RECORDED
B1889,P1603,UK086,2026-02-24 11:37:36.952,CANCELLED,22C,Y*****02,MASKED-6194,,,,,NO_PAYMENT_RECORD
B1890,P1436,6F102,2025-08-30 11:37:36.952,PENDING,12E,G*****72,MASKED-2127,13732.45,UPI,False,1.0,PAYMENT_RECORDED
B1891,P1828,UK186,2026-01-26 11:37:36.952,CANCELLED,18D,A*****45,MASKED-5420,1978.49,UPI,False,2.0,PAYMENT_RECORDED
B1892,P1933,6F032,2025-08-24 11:37:36.952,PENDING,17F,T*****11,MASKED-0094,,,,,NO_PAYMENT_RECORD
B1893,P1258,6F186,2025-08-02 11:37:36.952,CONFIRMED,19A,V*****20,MASKED-1916,,,,,NO_PAYMENT_RECORD
B1894,P1979,6F106,2026-02-24 11:37:36.952,CANCELLED,4F,H*****83,MASKED-0425,,,,,NO_PAYMENT_RECORD
B1895,P1965,AI021,2025-10-05 11:37:36.952,CANCELLED,14E,B*****14,MASKED-7042,11120.61,NETBANKING,False,5.0,PAYMENT_RECORDED
B1896,P1102,AI157,2025-11-30 11:37:36.952,PENDING,11F,C*****86,MASKED-5052,8025.265,CARD,True,1.0,PAYMENT_RECORDED
B1897,P1992,6F054,2025-11-01 11:37:36.952,PENDING,26F,A*****10,MASKED-5523,7243.26,NETBANKING,False,2.0,PAYMENT_RECORDED
B1898,P1566,AI187,2025-10-03 11:37:36.952,PENDING,10D,K*****80,MASKED-2963,5718.04,CARD,False,1.0,PAYMENT_RECORDED
B1899,P1768,SJ124,2025-09-28 11:37:36.952,PENDING,4B,C*****60,MASKED-8844,3146.15,UPI,False,1.0,PAYMENT_RECORDED
B1900,P1100,SJ223,2025-10-06 11:37:36.952,CANCELLED,11C,F*****52,MASKED-4878,1212.98,UPI,False,1.0,PAYMENT_RECORDED
B1901,P1197,UK103,2025-04-25 11:37:36.952,CONFIRMED,21A,K*****01,MASKED-8079,10787.49,CARD,False,1.0,PAYMENT_RECORDED
B1902,P1812,SJ157,2026-02-08 11:37:36.952,CONFIRMED,14F,X*****63,MASKED-7410,,,,,NO_PAYMENT_RECORD
B1903,P1225,6F242,2025-11-06 11:37:36.952,CONFIRMED,9B,E*****39,MASKED-1530,,,,,NO_PAYMENT_RECORD
B1904,P1942,UK213,2025-07-01 11:37:36.952,CONFIRMED,8B,M*****01,MASKED-6866,5769.34,NETBANKING,False,1.0,PAYMENT_RECORDED
B1905,P1462,SJ120,2026-02-13 11:37:36.952,PENDING,24B,K*****32,MASKED-2608,,,,,NO_PAYMENT_RECORD
B1906,P1236,AI035,2025-08-11 11:37:36.952,CANCELLED,22B,G*****64,MASKED-7385,11037.65,UPI,False,1.0,PAYMENT_RECORDED
B1907,P1025,6F147,2026-01-14 11:37:36.952,CANCELLED,1B,F*****76,MASKED-9236,5451.44,CARD,False,1.0,PAYMENT_RECORDED
B1908,P1120,SJ229,2025-08-09 11:37:36.952,CANCELLED,23B,V*****09,MASKED-6686,1912.8,CARD,False,2.0,PAYMENT_RECORDED
B1909,P1909,AI230,2025-11-14 11:37:36.952,PENDING,31B,R*****52,MASKED-4025,,,,,NO_PAYMENT_RECORD
B1910,P1505,UK162,2025-06-10 11:37:36.952,CANCELLED,5C,C*****59,MASKED-1612,7810.25,CARD,False,2.0,PAYMENT_RECORDED
B1911,P1181,AI066,2025-05-29 11:37:36.952,PENDING,27C,N*****96,MASKED-0684,,,,,NO_PAYMENT_RECORD
B1912,P1710,6F205,2025-09-09 11:37:36.952,CANCELLED,19D,T*****52,MASKED-3156,6279.57,NETBANKING,False,1.0,PAYMENT_RECORDED
B1913,P1813,AI124,2025-05-24 11:37:36.952,CONFIRMED,27B,N*****89,MASKED-1954,4083.41,CARD,False,2.0,PAYMENT_RECORDED
B1914,P1766,UK114,2025-10-19 11:37:36.952,PENDING,20A,H*****92,MASKED-5246,5079.38,NETBANKING,False,1.0,PAYMENT_RECORDED
B1915,P1633,AI231,2025-06-03 11:37:36.952,CANCELLED,18B,C*****35,MASKED-9217,1162.01,CARD,False,1.0,PAYMENT_RECORDED
B1916,P1542,AI113,2025-10-30 11:37:36.952,CONFIRMED,7D,W*****06,MASKED-5266,3156.86,CARD,False,1.0,PAYMENT_RECORDED
B1917,P1983,UK180,2025-08-03 11:37:36.952,INVALID,27A,X*****81,MASKED-6057,,,,,NO_PAYMENT_RECORD
B1918,P1314,UK180,2025-10-07 11:37:36.952,CONFIRMED,2B,V*****71,MASKED-0050,1356.26,NETBANKING,False,2.0,PAYMENT_RECORDED
B1919,P1990,6F080,2026-03-17 11:37:36.952,PENDING,7C,G*****20,MASKED-2300,,,,,NO_PAYMENT_RECORD
B1920,P1796,SJ095,2025-05-11 11:37:36.952,PENDING,14A,T*****49,MASKED-8435,,,,,NO_PAYMENT_RECORD
B1921,P1617,SJ115,2025-04-24 11:37:36.952,CANCELLED,21F,K*****62,MASKED-9707,9627.04,CARD,False,1.0,PAYMENT_RECORDED
B1922,P1735,AI142,2025-05-14 11:37:36.952,CONFIRMED,7D,X*****33,MASKED-3869,7858.51,CARD,False,2.0,PAYMENT_RECORDED
B1923,P1272,UK169,2025-11-28 11:37:36.952,CANCELLED,33F,X*****94,MASKED-2115,7723.56,UPI,True,2.0,PAYMENT_RECORDED
B1924,P1909,SJ041,2025-05-04 11:37:36.952,CANCELLED,27D,D*****71,MASKED-2973,4739.01,CARD,False,1.0,PAYMENT_RECORDED
B1925,P1231,UK171,2025-04-20 11:37:36.952,CONFIRMED,7D,W*****10,MASKED-0232,5691.29,UPI,False,3.0,PAYMENT_RECORDED
B1926,P1419,AI081,2025-11-27 11:37:36.952,CANCELLED,18F,M*****99,MASKED-7004,,,,,NO_PAYMENT_RECORD
B1927,P1767,AI162,2026-01-28 11:37:36.952,PENDING,27D,C*****37,MASKED-2307,,,,,NO_PAYMENT_RECORD
B1928,P1441,SJ037,2026-01-23 11:37:36.952,CANCELLED,6F,J*****84,MASKED-6146,6983.66,NETBANKING,False,1.0,PAYMENT_RECORDED
B1929,P1495,SJ037,2025-11-05 11:37:36.952,CONFIRMED,6A,P*****48,MASKED-0448,,,,,NO_PAYMENT_RECORD
B1930,P1023,UK080,2025-12-16 11:37:36.952,PENDING,3B,K*****42,MASKED-3639,1625.9,CARD,False,2.0,PAYMENT_RECORDED
B1931,P1108,SJ031,2025-09-26 11:37:36.952,PENDING,16C,D*****90,MASKED-9946,10011.51,CARD,False,1.0,PAYMENT_RECORDED
B1932,P1702,AI199,2025-12-28 11:37:36.952,CANCELLED,4B,G*****42,MASKED-4441,7723.56,UPI,True,2.0,PAYMENT_RECORDED
B1933,P1501,6F082,2025-05-28 11:37:36.952,CANCELLED,7B,C*****79,MASKED-3805,,,,,NO_PAYMENT_RECORD
B1934,P1858,UK217,2026-04-12 11:37:36.952,PENDING,9F,C*****13,MASKED-5807,10978.81,UPI,False,1.0,PAYMENT_RECORDED
B1935,P1024,UK014,2026-04-13 11:37:36.952,CANCELLED,6C,K*****28,MASKED-3421,,,,,NO_PAYMENT_RECORD
B1936,P1186,SJ180,2026-01-11 11:37:36.952,CONFIRMED,14D,E*****71,MASKED-0382,6127.38,UPI,False,2.0,PAYMENT_RECORDED
B1937,P1287,6F268,2026-02-19 11:37:36.952,CANCELLED,16E,M*****91,MASKED-5218,6825.66,CARD,False,1.0,PAYMENT_RECORDED
B1938,P1627,UK205,2026-04-07 11:37:36.952,CANCELLED,19B,Z*****19,MASKED-4643,12242.79,UPI,False,1.0,PAYMENT_RECORDED
B1939,P1337,SJ212,2025-07-22 11:37:36.952,PENDING,22B,E*****31,MASKED-9435,14923.36,UPI,False,4.0,PAYMENT_RECORDED
B1940,P1877,UK052,2025-06-25 11:37:36.952,CANCELLED,17C,P*****68,MASKED-1855,4783.48,NETBANKING,False,2.0,PAYMENT_RECORDED
B1941,P1913,UK230,2025-06-13 11:37:36.952,CANCELLED,19D,L*****25,MASKED-5442,1551.73,CARD,False,1.0,PAYMENT_RECORDED
B1942,P1036,AI145,2025-07-18 11:37:36.952,CANCELLED,23D,R*****88,MASKED-6625,1755.58,UPI,False,1.0,PAYMENT_RECORDED
B1943,P1793,SJ035,2026-03-13 11:37:36.952,CONFIRMED,7E,K*****05,MASKED-2940,5304.06,UPI,False,2.0,PAYMENT_RECORDED
B1944,P1136,SJ184,2025-07-20 11:37:36.952,CANCELLED,10B,R*****84,MASKED-9984,9053.91,NETBANKING,False,2.0,PAYMENT_RECORDED
B1945,P1507,6F207,2025-11-03 11:37:36.952,CONFIRMED,24A,C*****56,MASKED-8592,,,,,NO_PAYMENT_RECORD
B1946,P1226,UK144,2026-03-30 11:37:36.952,CONFIRMED,15A,A*****41,MASKED-6602,11196.94,UPI,False,1.0,PAYMENT_RECORDED
B1947,P1319,AI126,2025-10-22 11:37:36.952,CONFIRMED,1A,Z*****71,MASKED-1615,2186.2,NETBANKING,False,1.0,PAYMENT_RECORDED
B1948,P1839,SJ145,2025-05-19 11:37:36.952,CONFIRMED,10A,W*****28,MASKED-4234,6743.77,NETBANKING,False,2.0,PAYMENT_RECORDED
B1949,P1915,6F040,2025-05-16 11:37:36.952,PENDING,15B,F*****22,MASKED-7188,3328.36,CARD,False,2.0,PAYMENT_RECORDED
B1950,P1181,UK049,2025-06-15 11:37:36.952,CONFIRMED,21B,F*****47,MASKED-9225,,,,,NO_PAYMENT_RECORD
B1951,P1873,UK049,2026-03-18 11:37:36.952,CANCELLED,3F,Y*****41,MASKED-9796,12831.14,NETBANKING,False,1.0,PAYMENT_RECORDED
B1952,P1085,AI087,2025-10-18 11:37:36.952,CONFIRMED,2C,Y*****35,MASKED-4789,10237.24,NETBANKING,False,1.0,PAYMENT_RECORDED
B1953,P1466,AI152,2025-05-24 11:37:36.952,CANCELLED,19A,R*****06,MASKED-2480,12741.76,CARD,False,1.0,PAYMENT_RECORDED
B1954,P1925,SJ240,2025-11-06 11:37:36.952,CONFIRMED,2A,W*****02,MASKED-2001,14524.79,NETBANKING,False,1.0,PAYMENT_RECORDED
B1955,P1052,AI212,2025-09-14 11:37:36.952,PENDING,22B,D*****19,MASKED-5387,,,,,NO_PAYMENT_RECORD
B1956,P1859,AI064,2025-09-21 11:37:36.952,CONFIRMED,3B,J*****42,MASKED-9169,,,,,NO_PAYMENT_RECORD
B1957,P1866,6F093,2025-06-07 11:37:36.952,CONFIRMED,32E,V*****35,MASKED-7600,4851.79,CARD,False,1.0,PAYMENT_RECORDED
B1958,P1234,AI118,2025-04-28 11:37:36.952,PENDING,29C,H*****13,MASKED-6511,1471.1,NETBANKING,False,2.0,PAYMENT_RECORDED
B1959,P1958,AI172,2025-12-19 11:37:36.952,CONFIRMED,23D,N*****85,MASKED-7933,7275.19,NETBANKING,False,2.0,PAYMENT_RECORDED
B1960,P1778,6F183,2026-01-30 11:37:36.952,CANCELLED,27E,X*****90,MASKED-8946,14657.97,CARD,False,1.0,PAYMENT_RECORDED
B1961,P1798,6F200,2025-07-15 11:37:36.952,CONFIRMED,28A,Z*****98,MASKED-4518,,,,,NO_PAYMENT_RECORD
B1962,P1432,SJ077,2025-12-23 11:37:36.952,CONFIRMED,18C,B*****37,MASKED-9246,11681.57,UPI,False,4.0,PAYMENT_RECORDED
B1963,P1495,UK030,2026-02-24 11:37:36.952,CONFIRMED,27F,C*****13,MASKED-8001,,,,,NO_PAYMENT_RECORD
B1964,P1998,SJ232,2025-05-21 11:37:36.952,PENDING,18B,X*****08,MASKED-2887,,,,,NO_PAYMENT_RECORD
B1965,P1099,6F090,2026-01-29 11:37:36.952,CONFIRMED,20D,N*****44,MASKED-9379,,,,,NO_PAYMENT_RECORD
B1966,P1989,UK002,2025-11-06 11:37:36.952,CONFIRMED,12B,L*****24,MASKED-0512,13474.77,CARD,False,3.0,PAYMENT_RECORDED
B1967,P1598,AI154,2025-07-03 11:37:36.952,CANCELLED,22C,A*****41,MASKED-3141,12518.31,CARD,False,1.0,PAYMENT_RECORDED
B1968,P1402,6F089,2025-10-11 11:37:36.952,CONFIRMED,2D,Y*****74,MASKED-4142,14600.78,NETBANKING,False,1.0,PAYMENT_RECORDED
B1969,P1395,6F218,2026-04-08 11:37:36.952,CONFIRMED,29A,T*****25,MASKED-5719,13598.0,UPI,False,1.0,PAYMENT_RECORDED
B1970,P1526,6F241,2025-11-26 11:37:36.952,CONFIRMED,12B,G*****45,MASKED-5066,4558.49,NETBANKING,False,1.0,PAYMENT_RECORDED
B1971,P1414,6F116,2025-08-20 11:37:36.952,CONFIRMED,2B,Z*****04,MASKED-9642,,,,,NO_PAYMENT_RECORD
B1972,P1938,UK199,2025-04-18 11:37:36.952,CANCELLED,19B,F*****17,MASKED-8516,5458.57,UPI,False,1.0,PAYMENT_RECORDED
B1973,P1612,SJ033,2025-04-28 11:37:36.952,CANCELLED,8C,E*****82,MASKED-3057,,,,,NO_PAYMENT_RECORD
B1974,P1676,AI210,2025-08-03 11:37:36.952,PENDING,15B,F*****06,MASKED-3035,,,,,NO_PAYMENT_RECORD
B1975,P1462,UK148,2025-08-26 11:37:36.952,UNKNOWN,20E,B*****80,MASKED-9630,7791.01,CARD,False,1.0,PAYMENT_RECORDED
B1976,P1540,AI229,2025-08-27 11:37:36.952,PENDING,16F,F*****01,MASKED-3619,8576.26,NETBANKING,False,1.0,PAYMENT_RECORDED
B1977,P1625,UK005,2026-01-01 11:37:36.952,PENDING,4A,M*****19,MASKED-4286,,,,,NO_PAYMENT_RECORD
B1978,P1618,SJ080,2025-12-07 11:37:36.952,CONFIRMED,12C,A*****62,MASKED-7464,9450.85,UPI,False,1.0,PAYMENT_RECORDED
B1979,P1921,SJ092,2025-12-02 11:37:36.952,CANCELLED,1F,J*****94,MASKED-0698,,,,,NO_PAYMENT_RECORD
B1980,P1363,SJ055,2025-12-04 11:37:36.952,CANCELLED,15A,Y*****32,MASKED-7348,12102.14,CARD,False,1.0,PAYMENT_RECORDED
B1981,P1129,AI239,2025-05-17 11:37:36.952,CONFIRMED,19D,Z*****56,MASKED-2612,7404.46,UPI,False,2.0,PAYMENT_RECORDED
B1982,P1083,6F162,2025-06-17 11:37:36.952,UNKNOWN,7A,H*****53,MASKED-6975,,,,,NO_PAYMENT_RECORD
B1983,P1270,UK101,2025-06-28 11:37:36.952,UNKNOWN,27A,P*****27,MASKED-7066,9117.5,CARD,False,1.0,PAYMENT_RECORDED
B1984,P1243,6F198,2025-04-25 11:37:36.952,CONFIRMED,27F,X*****80,MASKED-7129,11501.29,UPI,False,2.0,PAYMENT_RECORDED
B1985,P1387,6F239,2025-09-28 11:37:36.952,CONFIRMED,31F,Y*****16,MASKED-3192,,,,,NO_PAYMENT_RECORD
B1986,P1213,SJ177,2025-10-07 11:37:36.952,CONFIRMED,13F,N*****22,MASKED-2114,,,,,NO_PAYMENT_RECORD
B1987,P1817,6F044,2026-03-12 11:37:36.952,CANCELLED,19F,W*****68,MASKED-0463,4148.68,CARD,False,2.0,PAYMENT_RECORDED
B1988,P1165,6F248,2026-02-17 11:37:36.952,PENDING,13A,H*****94,MASKED-0464,13945.28,UPI,False,1.0,PAYMENT_RECORDED
B1989,P1790,6F002,2025-12-10 11:37:36.952,UNKNOWN,16F,H*****92,MASKED-6840,,,,,NO_PAYMENT_RECORD
B1990,P1058,SJ197,2026-03-31 11:37:36.952,CONFIRMED,14B,E*****66,MASKED-8281,9960.43,NETBANKING,False,3.0,PAYMENT_RECORDED
B1991,P1601,UK091,2026-01-14 11:37:36.952,CANCELLED,22E,W*****76,MASKED-0428,,,,,NO_PAYMENT_RECORD
B1992,P1882,6F215,2025-04-25 11:37:36.952,CONFIRMED,25C,G*****40,MASKED-2908,7248.01,UPI,False,3.0,PAYMENT_RECORDED
B1993,P1842,AI093,2026-03-11 11:37:36.952,CANCELLED,5B,P*****35,MASKED-9255,,,,,NO_PAYMENT_RECORD
B1994,P1923,UK090,2026-03-31 11:37:36.952,CONFIRMED,21D,J*****56,MASKED-0874,,,,,NO_PAYMENT_RECORD
B1995,P1503,SJ005,2025-11-20 11:37:36.952,CANCELLED,11C,J*****62,MASKED-8644,,,,,NO_PAYMENT_RECORD
B1996,P1705,UK106,2025-08-08 11:37:36.952,CANCELLED,27E,M*****50,MASKED-9827,10358.84,UPI,False,1.0,PAYMENT_RECORDED
B1997,P1122,6F223,2025-05-03 11:37:36.952,PENDING,27B,P*****20,MASKED-6636,8025.265,CARD,True,2.0,PAYMENT_RECORDED
B1998,P1647,6F011,2025-10-23 11:37:36.952,CONFIRMED,14C,T*****97,MASKED-5033,11065.89,NETBANKING,False,2.0,PAYMENT_RECORDED
B1999,P1412,UK124,2025-08-08 11:37:36.952,INVALID,12B,C*****50,MASKED-2188,2806.06,NETBANKING,False,1.0,PAYMENT_RECORDED
